,mdecloedt,Jordan-Loeser,LukasMMarinovic,whipplem123,SionHu,jmamaril25,lennwgs,viswapurdue,CampbellC2,noah-curran,laurenjank,bzin22,AkaGar,matson3,ecottle,littlex2015,shivans,nbraunec,sanjitsama,Ilyumzhinov,hihms,snugghash,zhao744,aclipfel,ko68,GeoffYart,gshowal,Nigogu,Daryhez,daapinzonch,fewilchesc,JorgeTorresC,anythinglord,criscapunal,dieguischa,Orloffyeah,SergioLopez40,DiegoAraque1207,olimita,yaochoal,Gavnic,Joacampora,Ozai98,nviverosb,Sariilan,Alekzu,vvargasd,biherrerap,bfprietoc,LauraMolina,Acreed21,Camiioo,frnkbs,Jfcastroh,evilcucaracha,JulianM96,Saariasba,tres-iqus,cglaitong,DaniCastel,BrandonAvilanR,alejosaur,jaasuarezvi,jdsolanos,DavidsMartinez,Biopeligro,garayf,jaleonro,facuellarg,Caadiazsi,sebcamacho1703,xFortich,Gusgal03,Juankmilo97,alebautis,sarguellesr,davideperdomo,JamerMejiaGarcia,nikolasto,gahormigag,ayperezc,anferoar96,StevenEsmar,dcastanedar,trickyjuggler,DaveValencia,csalfonsol,tres-xxx,buendiagon,DSFarfanF,jssanchezo,bsdiaza,casc3798,jsalcinar,Anvido,Jufcardenasmo,federgolo,serbatero,GabrielUnal,diefrodriguezcha,adcorredorm,jdgaitanf,pahigueraf,RafaelCruz15,gimg1859,jannMorenoJ,dahrojasca,FredyRosero
mdecloedt,0.0,0.0,0.0,1.4142135623730951,1.0,1.4142135623730951,1.0,0.0,0.0,0.0,1.0,0.0,1.4142135623730951,0.0,0.0,0.0,1.0,1.0,1.4142135623730951,1.0,0.0,1.4142135623730951,0.0,1.0,0.0,1.4142135623730951,0.0,1.4142135623730951,1.0,1.4142135623730951,1.0,1.4142135623730951,1.0,0.0,1.0,0.0,1.0,1.4142135623730951,0.0,1.0,1.0,1.4142135623730951,1.0,1.0,1.0,0.0,1.0,1.4142135623730951,1.0,1.4142135623730951,1.0,1.0,1.4142135623730951,1.0,1.0,0.0,1.0,1.0,1.4142135623730951,1.4142135623730951,1.0,1.4142135623730951,1.0,1.4142135623730951,1.0,1.0,1.4142135623730951,1.0,1.0,1.0,1.4142135623730951,1.4142135623730951,1.0,1.4142135623730951,1.0,1.0,1.4142135623730951,1.0,1.0,1.0,1.0,1.4142135623730951,1.0,1.0,1.4142135623730951,1.0,1.0,1.0,1.0,1.0,1.0,1.0,1.4142135623730951,1.4142135623730951,0.0,1.4142135623730951,1.4142135623730951,1.0,1.0,1.4142135623730951,0.0,1.0,1.4142135623730951,1.0,1.0,1.0,1.0,0.0
Jordan-Loeser,0.0,0.0,0.0,1.4142135623730951,1.0,1.4142135623730951,1.0,0.0,0.0,0.0,1.0,0.0,1.4142135623730951,0.0,0.0,0.0,1.0,1.0,1.4142135623730951,1.0,0.0,1.4142135623730951,0.0,1.0,0.0,1.4142135623730951,0.0,1.4142135623730951,1.0,1.4142135623730951,1.0,1.4142135623730951,1.0,0.0,1.0,0.0,1.0,1.4142135623730951,0.0,1.0,1.0,1.4142135623730951,1.0,1.0,1.0,0.0,1.0,1.4142135623730951,1.0,1.4142135623730951,1.0,1.0,1.4142135623730951,1.0,1.0,0.0,1.0,1.0,1.4142135623730951,1.4142135623730951,1.0,1.4142135623730951,1.0,1.4142135623730951,1.0,1.0,1.4142135623730951,1.0,1.0,1.0,1.4142135623730951,1.4142135623730951,1.0,1.4142135623730951,1.0,1.0,1.4142135623730951,1.0,1.0,1.0,1.0,1.4142135623730951,1.0,1.0,1.4142135623730951,1.0,1.0,1.0,1.0,1.0,1.0,1.0,1.4142135623730951,1.4142135623730951,0.0,1.4142135623730951,1.4142135623730951,1.0,1.0,1.4142135623730951,0.0,1.0,1.4142135623730951,1.0,1.0,1.0,1.0,0.0
LukasMMarinovic,0.0,0.0,0.0,1.4142135623730951,1.0,1.4142135623730951,1.0,0.0,0.0,0.0,1.0,0.0,1.4142135623730951,0.0,0.0,0.0,1.0,1.0,1.4142135623730951,1.0,0.0,1.4142135623730951,0.0,1.0,0.0,1.4142135623730951,0.0,1.4142135623730951,1.0,1.4142135623730951,1.0,1.4142135623730951,1.0,0.0,1.0,0.0,1.0,1.4142135623730951,0.0,1.0,1.0,1.4142135623730951,1.0,1.0,1.0,0.0,1.0,1.4142135623730951,1.0,1.4142135623730951,1.0,1.0,1.4142135623730951,1.0,1.0,0.0,1.0,1.0,1.4142135623730951,1.4142135623730951,1.0,1.4142135623730951,1.0,1.4142135623730951,1.0,1.0,1.4142135623730951,1.0,1.0,1.0,1.4142135623730951,1.4142135623730951,1.0,1.4142135623730951,1.0,1.0,1.4142135623730951,1.0,1.0,1.0,1.0,1.4142135623730951,1.0,1.0,1.4142135623730951,1.0,1.0,1.0,1.0,1.0,1.0,1.0,1.4142135623730951,1.4142135623730951,0.0,1.4142135623730951,1.4142135623730951,1.0,1.0,1.4142135623730951,0.0,1.0,1.4142135623730951,1.0,1.0,1.0,1.0,0.0
whipplem123,1.4142135623730951,1.4142135623730951,1.4142135623730951,0.0,1.0,1.4142135623730951,1.0,1.4142135623730951,1.4142135623730951,1.4142135623730951,1.0,1.4142135623730951,1.4142135623730951,1.4142135623730951,1.4142135623730951,1.4142135623730951,1.0,1.0,1.4142135623730951,1.0,1.4142135623730951,1.4142135623730951,1.4142135623730951,1.0,1.4142135623730951,1.4142135623730951,1.4142135623730951,1.4142135623730951,1.0,1.4142135623730951,1.0,1.4142135623730951,1.0,1.4142135623730951,1.0,1.4142135623730951,1.0,1.4142135623730951,1.4142135623730951,1.0,1.0,1.4142135623730951,1.0,1.0,1.0,1.4142135623730951,1.0,1.4142135623730951,1.0,1.4142135623730951,1.0,1.0,1.4142135623730951,1.0,1.0,1.4142135623730951,1.0,1.0,1.4142135623730951,1.4142135623730951,1.0,1.4142135623730951,1.0,1.4142135623730951,1.0,1.0,1.4142135623730951,1.0,1.0,1.0,1.4142135623730951,1.4142135623730951,1.0,1.4142135623730951,1.0,1.0,1.4142135623730951,1.0,1.0,1.0,1.0,1.4142135623730951,1.0,1.0,1.4142135623730951,1.0,1.0,1.0,1.0,1.0,1.0,1.0,1.4142135623730951,1.4142135623730951,1.4142135623730951,1.4142135623730951,1.4142135623730951,1.0,1.0,1.4142135623730951,1.4142135623730951,1.0,1.4142135623730951,1.0,1.0,1.0,1.0,1.4142135623730951
SionHu,1.0,1.0,1.0,1.0,0.0,1.0,0.0,1.0,1.0,1.0,0.0,1.0,1.0,1.0,1.0,1.0,0.0,0.0,1.0,0.0,1.0,1.0,1.0,0.0,1.0,1.0,1.0,1.0,0.0,1.0,0.0,1.0,0.0,1.0,0.0,1.0,0.0,1.0,1.0,0.0,0.0,1.0,0.0,0.0,0.0,1.0,0.0,1.0,0.0,1.0,0.0,0.0,1.0,0.0,0.0,1.0,0.0,0.0,1.0,1.0,0.0,1.0,0.0,1.0,0.0,0.0,1.0,0.0,0.0,0.0,1.0,1.0,0.0,1.0,0.0,0.0,1.0,0.0,0.0,0.0,0.0,1.0,0.0,0.0,1.0,0.0,0.0,0.0,0.0,0.0,0.0,0.0,1.0,1.0,1.0,1.0,1.0,0.0,0.0,1.0,1.0,0.0,1.0,0.0,0.0,0.0,0.0,1.0
jmamaril25,1.4142135623730951,1.4142135623730951,1.4142135623730951,1.4142135623730951,1.0,0.0,1.0,1.4142135623730951,1.4142135623730951,1.4142135623730951,1.0,1.4142135623730951,1.4142135623730951,1.4142135623730951,1.4142135623730951,1.4142135623730951,1.0,1.0,1.4142135623730951,1.0,1.4142135623730951,1.4142135623730951,1.4142135623730951,1.0,1.4142135623730951,1.4142135623730951,1.4142135623730951,1.4142135623730951,1.0,1.4142135623730951,1.0,1.4142135623730951,1.0,1.4142135623730951,1.0,1.4142135623730951,1.0,1.4142135623730951,1.4142135623730951,1.0,1.0,1.4142135623730951,1.0,1.0,1.0,1.4142135623730951,1.0,1.4142135623730951,1.0,1.4142135623730951,1.0,1.0,1.4142135623730951,1.0,1.0,1.4142135623730951,1.0,1.0,1.4142135623730951,1.4142135623730951,1.0,1.4142135623730951,1.0,1.4142135623730951,1.0,1.0,1.4142135623730951,1.0,1.0,1.0,1.4142135623730951,1.4142135623730951,1.0,1.4142135623730951,1.0,1.0,1.4142135623730951,1.0,1.0,1.0,1.0,1.4142135623730951,1.0,1.0,1.4142135623730951,1.0,1.0,1.0,1.0,1.0,1.0,1.0,1.4142135623730951,0.0,1.4142135623730951,1.4142135623730951,1.4142135623730951,1.0,1.0,1.4142135623730951,1.4142135623730951,1.0,1.4142135623730951,1.0,1.0,1.0,1.0,1.4142135623730951
lennwgs,1.0,1.0,1.0,1.0,0.0,1.0,0.0,1.0,1.0,1.0,0.0,1.0,1.0,1.0,1.0,1.0,0.0,0.0,1.0,0.0,1.0,1.0,1.0,0.0,1.0,1.0,1.0,1.0,0.0,1.0,0.0,1.0,0.0,1.0,0.0,1.0,0.0,1.0,1.0,0.0,0.0,1.0,0.0,0.0,0.0,1.0,0.0,1.0,0.0,1.0,0.0,0.0,1.0,0.0,0.0,1.0,0.0,0.0,1.0,1.0,0.0,1.0,0.0,1.0,0.0,0.0,1.0,0.0,0.0,0.0,1.0,1.0,0.0,1.0,0.0,0.0,1.0,0.0,0.0,0.0,0.0,1.0,0.0,0.0,1.0,0.0,0.0,0.0,0.0,0.0,0.0,0.0,1.0,1.0,1.0,1.0,1.0,0.0,0.0,1.0,1.0,0.0,1.0,0.0,0.0,0.0,0.0,1.0
viswapurdue,0.0,0.0,0.0,1.4142135623730951,1.0,1.4142135623730951,1.0,0.0,0.0,0.0,1.0,0.0,1.4142135623730951,0.0,0.0,0.0,1.0,1.0,1.4142135623730951,1.0,0.0,1.4142135623730951,0.0,1.0,0.0,1.4142135623730951,0.0,1.4142135623730951,1.0,1.4142135623730951,1.0,1.4142135623730951,1.0,0.0,1.0,0.0,1.0,1.4142135623730951,0.0,1.0,1.0,1.4142135623730951,1.0,1.0,1.0,0.0,1.0,1.4142135623730951,1.0,1.4142135623730951,1.0,1.0,1.4142135623730951,1.0,1.0,0.0,1.0,1.0,1.4142135623730951,1.4142135623730951,1.0,1.4142135623730951,1.0,1.4142135623730951,1.0,1.0,1.4142135623730951,1.0,1.0,1.0,1.4142135623730951,1.4142135623730951,1.0,1.4142135623730951,1.0,1.0,1.4142135623730951,1.0,1.0,1.0,1.0,1.4142135623730951,1.0,1.0,1.4142135623730951,1.0,1.0,1.0,1.0,1.0,1.0,1.0,1.4142135623730951,1.4142135623730951,0.0,1.4142135623730951,1.4142135623730951,1.0,1.0,1.4142135623730951,0.0,1.0,1.4142135623730951,1.0,1.0,1.0,1.0,0.0
CampbellC2,0.0,0.0,0.0,1.4142135623730951,1.0,1.4142135623730951,1.0,0.0,0.0,0.0,1.0,0.0,1.4142135623730951,0.0,0.0,0.0,1.0,1.0,1.4142135623730951,1.0,0.0,1.4142135623730951,0.0,1.0,0.0,1.4142135623730951,0.0,1.4142135623730951,1.0,1.4142135623730951,1.0,1.4142135623730951,1.0,0.0,1.0,0.0,1.0,1.4142135623730951,0.0,1.0,1.0,1.4142135623730951,1.0,1.0,1.0,0.0,1.0,1.4142135623730951,1.0,1.4142135623730951,1.0,1.0,1.4142135623730951,1.0,1.0,0.0,1.0,1.0,1.4142135623730951,1.4142135623730951,1.0,1.4142135623730951,1.0,1.4142135623730951,1.0,1.0,1.4142135623730951,1.0,1.0,1.0,1.4142135623730951,1.4142135623730951,1.0,1.4142135623730951,1.0,1.0,1.4142135623730951,1.0,1.0,1.0,1.0,1.4142135623730951,1.0,1.0,1.4142135623730951,1.0,1.0,1.0,1.0,1.0,1.0,1.0,1.4142135623730951,1.4142135623730951,0.0,1.4142135623730951,1.4142135623730951,1.0,1.0,1.4142135623730951,0.0,1.0,1.4142135623730951,1.0,1.0,1.0,1.0,0.0
noah-curran,0.0,0.0,0.0,1.4142135623730951,1.0,1.4142135623730951,1.0,0.0,0.0,0.0,1.0,0.0,1.4142135623730951,0.0,0.0,0.0,1.0,1.0,1.4142135623730951,1.0,0.0,1.4142135623730951,0.0,1.0,0.0,1.4142135623730951,0.0,1.4142135623730951,1.0,1.4142135623730951,1.0,1.4142135623730951,1.0,0.0,1.0,0.0,1.0,1.4142135623730951,0.0,1.0,1.0,1.4142135623730951,1.0,1.0,1.0,0.0,1.0,1.4142135623730951,1.0,1.4142135623730951,1.0,1.0,1.4142135623730951,1.0,1.0,0.0,1.0,1.0,1.4142135623730951,1.4142135623730951,1.0,1.4142135623730951,1.0,1.4142135623730951,1.0,1.0,1.4142135623730951,1.0,1.0,1.0,1.4142135623730951,1.4142135623730951,1.0,1.4142135623730951,1.0,1.0,1.4142135623730951,1.0,1.0,1.0,1.0,1.4142135623730951,1.0,1.0,1.4142135623730951,1.0,1.0,1.0,1.0,1.0,1.0,1.0,1.4142135623730951,1.4142135623730951,0.0,1.4142135623730951,1.4142135623730951,1.0,1.0,1.4142135623730951,0.0,1.0,1.4142135623730951,1.0,1.0,1.0,1.0,0.0
laurenjank,1.0,1.0,1.0,1.0,0.0,1.0,0.0,1.0,1.0,1.0,0.0,1.0,1.0,1.0,1.0,1.0,0.0,0.0,1.0,0.0,1.0,1.0,1.0,0.0,1.0,1.0,1.0,1.0,0.0,1.0,0.0,1.0,0.0,1.0,0.0,1.0,0.0,1.0,1.0,0.0,0.0,1.0,0.0,0.0,0.0,1.0,0.0,1.0,0.0,1.0,0.0,0.0,1.0,0.0,0.0,1.0,0.0,0.0,1.0,1.0,0.0,1.0,0.0,1.0,0.0,0.0,1.0,0.0,0.0,0.0,1.0,1.0,0.0,1.0,0.0,0.0,1.0,0.0,0.0,0.0,0.0,1.0,0.0,0.0,1.0,0.0,0.0,0.0,0.0,0.0,0.0,0.0,1.0,1.0,1.0,1.0,1.0,0.0,0.0,1.0,1.0,0.0,1.0,0.0,0.0,0.0,0.0,1.0
bzin22,0.0,0.0,0.0,1.4142135623730951,1.0,1.4142135623730951,1.0,0.0,0.0,0.0,1.0,0.0,1.4142135623730951,0.0,0.0,0.0,1.0,1.0,1.4142135623730951,1.0,0.0,1.4142135623730951,0.0,1.0,0.0,1.4142135623730951,0.0,1.4142135623730951,1.0,1.4142135623730951,1.0,1.4142135623730951,1.0,0.0,1.0,0.0,1.0,1.4142135623730951,0.0,1.0,1.0,1.4142135623730951,1.0,1.0,1.0,0.0,1.0,1.4142135623730951,1.0,1.4142135623730951,1.0,1.0,1.4142135623730951,1.0,1.0,0.0,1.0,1.0,1.4142135623730951,1.4142135623730951,1.0,1.4142135623730951,1.0,1.4142135623730951,1.0,1.0,1.4142135623730951,1.0,1.0,1.0,1.4142135623730951,1.4142135623730951,1.0,1.4142135623730951,1.0,1.0,1.4142135623730951,1.0,1.0,1.0,1.0,1.4142135623730951,1.0,1.0,1.4142135623730951,1.0,1.0,1.0,1.0,1.0,1.0,1.0,1.4142135623730951,1.4142135623730951,0.0,1.4142135623730951,1.4142135623730951,1.0,1.0,1.4142135623730951,0.0,1.0,1.4142135623730951,1.0,1.0,1.0,1.0,0.0
AkaGar,1.4142135623730951,1.4142135623730951,1.4142135623730951,1.4142135623730951,1.0,1.4142135623730951,1.0,1.4142135623730951,1.4142135623730951,1.4142135623730951,1.0,1.4142135623730951,0.0,1.4142135623730951,1.4142135623730951,1.4142135623730951,1.0,1.0,1.4142135623730951,1.0,1.4142135623730951,1.4142135623730951,1.4142135623730951,1.0,1.4142135623730951,1.4142135623730951,1.4142135623730951,1.4142135623730951,1.0,1.4142135623730951,1.0,1.4142135623730951,1.0,1.4142135623730951,1.0,1.4142135623730951,1.0,1.4142135623730951,1.4142135623730951,1.0,1.0,1.4142135623730951,1.0,1.0,1.0,1.4142135623730951,1.0,1.4142135623730951,1.0,1.4142135623730951,1.0,1.0,1.4142135623730951,1.0,1.0,1.4142135623730951,1.0,1.0,1.4142135623730951,1.4142135623730951,1.0,1.4142135623730951,1.0,1.4142135623730951,1.0,1.0,1.4142135623730951,1.0,1.0,1.0,1.4142135623730951,1.4142135623730951,1.0,1.4142135623730951,1.0,1.0,1.4142135623730951,1.0,1.0,1.0,1.0,1.4142135623730951,1.0,1.0,1.4142135623730951,1.0,1.0,1.0,1.0,1.0,1.0,1.0,1.4142135623730951,1.4142135623730951,1.4142135623730951,1.4142135623730951,1.4142135623730951,1.0,1.0,1.4142135623730951,1.4142135623730951,1.0,1.4142135623730951,1.0,1.0,1.0,1.0,1.4142135623730951
matson3,0.0,0.0,0.0,1.4142135623730951,1.0,1.4142135623730951,1.0,0.0,0.0,0.0,1.0,0.0,1.4142135623730951,0.0,0.0,0.0,1.0,1.0,1.4142135623730951,1.0,0.0,1.4142135623730951,0.0,1.0,0.0,1.4142135623730951,0.0,1.4142135623730951,1.0,1.4142135623730951,1.0,1.4142135623730951,1.0,0.0,1.0,0.0,1.0,1.4142135623730951,0.0,1.0,1.0,1.4142135623730951,1.0,1.0,1.0,0.0,1.0,1.4142135623730951,1.0,1.4142135623730951,1.0,1.0,1.4142135623730951,1.0,1.0,0.0,1.0,1.0,1.4142135623730951,1.4142135623730951,1.0,1.4142135623730951,1.0,1.4142135623730951,1.0,1.0,1.4142135623730951,1.0,1.0,1.0,1.4142135623730951,1.4142135623730951,1.0,1.4142135623730951,1.0,1.0,1.4142135623730951,1.0,1.0,1.0,1.0,1.4142135623730951,1.0,1.0,1.4142135623730951,1.0,1.0,1.0,1.0,1.0,1.0,1.0,1.4142135623730951,1.4142135623730951,0.0,1.4142135623730951,1.4142135623730951,1.0,1.0,1.4142135623730951,0.0,1.0,1.4142135623730951,1.0,1.0,1.0,1.0,0.0
ecottle,0.0,0.0,0.0,1.4142135623730951,1.0,1.4142135623730951,1.0,0.0,0.0,0.0,1.0,0.0,1.4142135623730951,0.0,0.0,0.0,1.0,1.0,1.4142135623730951,1.0,0.0,1.4142135623730951,0.0,1.0,0.0,1.4142135623730951,0.0,1.4142135623730951,1.0,1.4142135623730951,1.0,1.4142135623730951,1.0,0.0,1.0,0.0,1.0,1.4142135623730951,0.0,1.0,1.0,1.4142135623730951,1.0,1.0,1.0,0.0,1.0,1.4142135623730951,1.0,1.4142135623730951,1.0,1.0,1.4142135623730951,1.0,1.0,0.0,1.0,1.0,1.4142135623730951,1.4142135623730951,1.0,1.4142135623730951,1.0,1.4142135623730951,1.0,1.0,1.4142135623730951,1.0,1.0,1.0,1.4142135623730951,1.4142135623730951,1.0,1.4142135623730951,1.0,1.0,1.4142135623730951,1.0,1.0,1.0,1.0,1.4142135623730951,1.0,1.0,1.4142135623730951,1.0,1.0,1.0,1.0,1.0,1.0,1.0,1.4142135623730951,1.4142135623730951,0.0,1.4142135623730951,1.4142135623730951,1.0,1.0,1.4142135623730951,0.0,1.0,1.4142135623730951,1.0,1.0,1.0,1.0,0.0
littlex2015,0.0,0.0,0.0,1.4142135623730951,1.0,1.4142135623730951,1.0,0.0,0.0,0.0,1.0,0.0,1.4142135623730951,0.0,0.0,0.0,1.0,1.0,1.4142135623730951,1.0,0.0,1.4142135623730951,0.0,1.0,0.0,1.4142135623730951,0.0,1.4142135623730951,1.0,1.4142135623730951,1.0,1.4142135623730951,1.0,0.0,1.0,0.0,1.0,1.4142135623730951,0.0,1.0,1.0,1.4142135623730951,1.0,1.0,1.0,0.0,1.0,1.4142135623730951,1.0,1.4142135623730951,1.0,1.0,1.4142135623730951,1.0,1.0,0.0,1.0,1.0,1.4142135623730951,1.4142135623730951,1.0,1.4142135623730951,1.0,1.4142135623730951,1.0,1.0,1.4142135623730951,1.0,1.0,1.0,1.4142135623730951,1.4142135623730951,1.0,1.4142135623730951,1.0,1.0,1.4142135623730951,1.0,1.0,1.0,1.0,1.4142135623730951,1.0,1.0,1.4142135623730951,1.0,1.0,1.0,1.0,1.0,1.0,1.0,1.4142135623730951,1.4142135623730951,0.0,1.4142135623730951,1.4142135623730951,1.0,1.0,1.4142135623730951,0.0,1.0,1.4142135623730951,1.0,1.0,1.0,1.0,0.0
shivans,1.0,1.0,1.0,1.0,0.0,1.0,0.0,1.0,1.0,1.0,0.0,1.0,1.0,1.0,1.0,1.0,0.0,0.0,1.0,0.0,1.0,1.0,1.0,0.0,1.0,1.0,1.0,1.0,0.0,1.0,0.0,1.0,0.0,1.0,0.0,1.0,0.0,1.0,1.0,0.0,0.0,1.0,0.0,0.0,0.0,1.0,0.0,1.0,0.0,1.0,0.0,0.0,1.0,0.0,0.0,1.0,0.0,0.0,1.0,1.0,0.0,1.0,0.0,1.0,0.0,0.0,1.0,0.0,0.0,0.0,1.0,1.0,0.0,1.0,0.0,0.0,1.0,0.0,0.0,0.0,0.0,1.0,0.0,0.0,1.0,0.0,0.0,0.0,0.0,0.0,0.0,0.0,1.0,1.0,1.0,1.0,1.0,0.0,0.0,1.0,1.0,0.0,1.0,0.0,0.0,0.0,0.0,1.0
nbraunec,1.0,1.0,1.0,1.0,0.0,1.0,0.0,1.0,1.0,1.0,0.0,1.0,1.0,1.0,1.0,1.0,0.0,0.0,1.0,0.0,1.0,1.0,1.0,0.0,1.0,1.0,1.0,1.0,0.0,1.0,0.0,1.0,0.0,1.0,0.0,1.0,0.0,1.0,1.0,0.0,0.0,1.0,0.0,0.0,0.0,1.0,0.0,1.0,0.0,1.0,0.0,0.0,1.0,0.0,0.0,1.0,0.0,0.0,1.0,1.0,0.0,1.0,0.0,1.0,0.0,0.0,1.0,0.0,0.0,0.0,1.0,1.0,0.0,1.0,0.0,0.0,1.0,0.0,0.0,0.0,0.0,1.0,0.0,0.0,1.0,0.0,0.0,0.0,0.0,0.0,0.0,0.0,1.0,1.0,1.0,1.0,1.0,0.0,0.0,1.0,1.0,0.0,1.0,0.0,0.0,0.0,0.0,1.0
sanjitsama,1.4142135623730951,1.4142135623730951,1.4142135623730951,1.4142135623730951,1.0,1.4142135623730951,1.0,1.4142135623730951,1.4142135623730951,1.4142135623730951,1.0,1.4142135623730951,1.4142135623730951,1.4142135623730951,1.4142135623730951,1.4142135623730951,1.0,1.0,0.0,1.0,1.4142135623730951,1.4142135623730951,1.4142135623730951,1.0,1.4142135623730951,1.4142135623730951,1.4142135623730951,1.4142135623730951,1.0,1.4142135623730951,1.0,1.4142135623730951,1.0,1.4142135623730951,1.0,1.4142135623730951,1.0,0.0,1.4142135623730951,1.0,1.0,1.4142135623730951,1.0,1.0,1.0,1.4142135623730951,1.0,0.0,1.0,1.4142135623730951,1.0,1.0,0.0,1.0,1.0,1.4142135623730951,1.0,1.0,1.4142135623730951,1.4142135623730951,1.0,1.4142135623730951,1.0,1.4142135623730951,1.0,1.0,1.4142135623730951,1.0,1.0,1.0,1.4142135623730951,1.4142135623730951,1.0,1.4142135623730951,1.0,1.0,1.4142135623730951,1.0,1.0,1.0,1.0,1.4142135623730951,1.0,1.0,1.4142135623730951,1.0,1.0,1.0,1.0,1.0,1.0,1.0,1.4142135623730951,1.4142135623730951,1.4142135623730951,1.4142135623730951,1.4142135623730951,1.0,1.0,1.4142135623730951,1.4142135623730951,1.0,1.4142135623730951,1.0,1.0,1.0,1.0,1.4142135623730951
Ilyumzhinov,1.0,1.0,1.0,1.0,0.0,1.0,0.0,1.0,1.0,1.0,0.0,1.0,1.0,1.0,1.0,1.0,0.0,0.0,1.0,0.0,1.0,1.0,1.0,0.0,1.0,1.0,1.0,1.0,0.0,1.0,0.0,1.0,0.0,1.0,0.0,1.0,0.0,1.0,1.0,0.0,0.0,1.0,0.0,0.0,0.0,1.0,0.0,1.0,0.0,1.0,0.0,0.0,1.0,0.0,0.0,1.0,0.0,0.0,1.0,1.0,0.0,1.0,0.0,1.0,0.0,0.0,1.0,0.0,0.0,0.0,1.0,1.0,0.0,1.0,0.0,0.0,1.0,0.0,0.0,0.0,0.0,1.0,0.0,0.0,1.0,0.0,0.0,0.0,0.0,0.0,0.0,0.0,1.0,1.0,1.0,1.0,1.0,0.0,0.0,1.0,1.0,0.0,1.0,0.0,0.0,0.0,0.0,1.0
hihms,0.0,0.0,0.0,1.4142135623730951,1.0,1.4142135623730951,1.0,0.0,0.0,0.0,1.0,0.0,1.4142135623730951,0.0,0.0,0.0,1.0,1.0,1.4142135623730951,1.0,0.0,1.4142135623730951,0.0,1.0,0.0,1.4142135623730951,0.0,1.4142135623730951,1.0,1.4142135623730951,1.0,1.4142135623730951,1.0,0.0,1.0,0.0,1.0,1.4142135623730951,0.0,1.0,1.0,1.4142135623730951,1.0,1.0,1.0,0.0,1.0,1.4142135623730951,1.0,1.4142135623730951,1.0,1.0,1.4142135623730951,1.0,1.0,0.0,1.0,1.0,1.4142135623730951,1.4142135623730951,1.0,1.4142135623730951,1.0,1.4142135623730951,1.0,1.0,1.4142135623730951,1.0,1.0,1.0,1.4142135623730951,1.4142135623730951,1.0,1.4142135623730951,1.0,1.0,1.4142135623730951,1.0,1.0,1.0,1.0,1.4142135623730951,1.0,1.0,1.4142135623730951,1.0,1.0,1.0,1.0,1.0,1.0,1.0,1.4142135623730951,1.4142135623730951,0.0,1.4142135623730951,1.4142135623730951,1.0,1.0,1.4142135623730951,0.0,1.0,1.4142135623730951,1.0,1.0,1.0,1.0,0.0
snugghash,1.4142135623730951,1.4142135623730951,1.4142135623730951,1.4142135623730951,1.0,1.4142135623730951,1.0,1.4142135623730951,1.4142135623730951,1.4142135623730951,1.0,1.4142135623730951,1.4142135623730951,1.4142135623730951,1.4142135623730951,1.4142135623730951,1.0,1.0,1.4142135623730951,1.0,1.4142135623730951,0.0,1.4142135623730951,1.0,1.4142135623730951,1.4142135623730951,1.4142135623730951,1.4142135623730951,1.0,1.4142135623730951,1.0,1.4142135623730951,1.0,1.4142135623730951,1.0,1.4142135623730951,1.0,1.4142135623730951,1.4142135623730951,1.0,1.0,1.4142135623730951,1.0,1.0,1.0,1.4142135623730951,1.0,1.4142135623730951,1.0,1.4142135623730951,1.0,1.0,1.4142135623730951,1.0,1.0,1.4142135623730951,1.0,1.0,1.4142135623730951,1.4142135623730951,1.0,1.4142135623730951,1.0,1.4142135623730951,1.0,1.0,1.4142135623730951,1.0,1.0,1.0,1.4142135623730951,1.4142135623730951,1.0,1.4142135623730951,1.0,1.0,1.4142135623730951,1.0,1.0,1.0,1.0,1.4142135623730951,1.0,1.0,1.4142135623730951,1.0,1.0,1.0,1.0,1.0,1.0,1.0,1.4142135623730951,1.4142135623730951,1.4142135623730951,1.4142135623730951,1.4142135623730951,1.0,1.0,1.4142135623730951,1.4142135623730951,1.0,1.4142135623730951,1.0,1.0,1.0,1.0,1.4142135623730951
zhao744,0.0,0.0,0.0,1.4142135623730951,1.0,1.4142135623730951,1.0,0.0,0.0,0.0,1.0,0.0,1.4142135623730951,0.0,0.0,0.0,1.0,1.0,1.4142135623730951,1.0,0.0,1.4142135623730951,0.0,1.0,0.0,1.4142135623730951,0.0,1.4142135623730951,1.0,1.4142135623730951,1.0,1.4142135623730951,1.0,0.0,1.0,0.0,1.0,1.4142135623730951,0.0,1.0,1.0,1.4142135623730951,1.0,1.0,1.0,0.0,1.0,1.4142135623730951,1.0,1.4142135623730951,1.0,1.0,1.4142135623730951,1.0,1.0,0.0,1.0,1.0,1.4142135623730951,1.4142135623730951,1.0,1.4142135623730951,1.0,1.4142135623730951,1.0,1.0,1.4142135623730951,1.0,1.0,1.0,1.4142135623730951,1.4142135623730951,1.0,1.4142135623730951,1.0,1.0,1.4142135623730951,1.0,1.0,1.0,1.0,1.4142135623730951,1.0,1.0,1.4142135623730951,1.0,1.0,1.0,1.0,1.0,1.0,1.0,1.4142135623730951,1.4142135623730951,0.0,1.4142135623730951,1.4142135623730951,1.0,1.0,1.4142135623730951,0.0,1.0,1.4142135623730951,1.0,1.0,1.0,1.0,0.0
aclipfel,1.0,1.0,1.0,1.0,0.0,1.0,0.0,1.0,1.0,1.0,0.0,1.0,1.0,1.0,1.0,1.0,0.0,0.0,1.0,0.0,1.0,1.0,1.0,0.0,1.0,1.0,1.0,1.0,0.0,1.0,0.0,1.0,0.0,1.0,0.0,1.0,0.0,1.0,1.0,0.0,0.0,1.0,0.0,0.0,0.0,1.0,0.0,1.0,0.0,1.0,0.0,0.0,1.0,0.0,0.0,1.0,0.0,0.0,1.0,1.0,0.0,1.0,0.0,1.0,0.0,0.0,1.0,0.0,0.0,0.0,1.0,1.0,0.0,1.0,0.0,0.0,1.0,0.0,0.0,0.0,0.0,1.0,0.0,0.0,1.0,0.0,0.0,0.0,0.0,0.0,0.0,0.0,1.0,1.0,1.0,1.0,1.0,0.0,0.0,1.0,1.0,0.0,1.0,0.0,0.0,0.0,0.0,1.0
ko68,0.0,0.0,0.0,1.4142135623730951,1.0,1.4142135623730951,1.0,0.0,0.0,0.0,1.0,0.0,1.4142135623730951,0.0,0.0,0.0,1.0,1.0,1.4142135623730951,1.0,0.0,1.4142135623730951,0.0,1.0,0.0,1.4142135623730951,0.0,1.4142135623730951,1.0,1.4142135623730951,1.0,1.4142135623730951,1.0,0.0,1.0,0.0,1.0,1.4142135623730951,0.0,1.0,1.0,1.4142135623730951,1.0,1.0,1.0,0.0,1.0,1.4142135623730951,1.0,1.4142135623730951,1.0,1.0,1.4142135623730951,1.0,1.0,0.0,1.0,1.0,1.4142135623730951,1.4142135623730951,1.0,1.4142135623730951,1.0,1.4142135623730951,1.0,1.0,1.4142135623730951,1.0,1.0,1.0,1.4142135623730951,1.4142135623730951,1.0,1.4142135623730951,1.0,1.0,1.4142135623730951,1.0,1.0,1.0,1.0,1.4142135623730951,1.0,1.0,1.4142135623730951,1.0,1.0,1.0,1.0,1.0,1.0,1.0,1.4142135623730951,1.4142135623730951,0.0,1.4142135623730951,1.4142135623730951,1.0,1.0,1.4142135623730951,0.0,1.0,1.4142135623730951,1.0,1.0,1.0,1.0,0.0
GeoffYart,1.4142135623730951,1.4142135623730951,1.4142135623730951,1.4142135623730951,1.0,1.4142135623730951,1.0,1.4142135623730951,1.4142135623730951,1.4142135623730951,1.0,1.4142135623730951,1.4142135623730951,1.4142135623730951,1.4142135623730951,1.4142135623730951,1.0,1.0,1.4142135623730951,1.0,1.4142135623730951,1.4142135623730951,1.4142135623730951,1.0,1.4142135623730951,0.0,1.4142135623730951,1.4142135623730951,1.0,1.4142135623730951,1.0,1.4142135623730951,1.0,1.4142135623730951,1.0,1.4142135623730951,1.0,1.4142135623730951,1.4142135623730951,1.0,1.0,1.4142135623730951,1.0,1.0,1.0,1.4142135623730951,1.0,1.4142135623730951,1.0,1.4142135623730951,1.0,1.0,1.4142135623730951,1.0,1.0,1.4142135623730951,1.0,1.0,1.4142135623730951,1.4142135623730951,1.0,1.4142135623730951,1.0,1.4142135623730951,1.0,1.0,1.4142135623730951,1.0,1.0,1.0,1.4142135623730951,1.4142135623730951,1.0,1.4142135623730951,1.0,1.0,1.4142135623730951,1.0,1.0,1.0,1.0,1.4142135623730951,1.0,1.0,1.4142135623730951,1.0,1.0,1.0,1.0,1.0,1.0,1.0,1.4142135623730951,1.4142135623730951,1.4142135623730951,1.4142135623730951,1.4142135623730951,1.0,1.0,1.4142135623730951,1.4142135623730951,1.0,1.4142135623730951,1.0,1.0,1.0,1.0,1.4142135623730951
gshowal,0.0,0.0,0.0,1.4142135623730951,1.0,1.4142135623730951,1.0,0.0,0.0,0.0,1.0,0.0,1.4142135623730951,0.0,0.0,0.0,1.0,1.0,1.4142135623730951,1.0,0.0,1.4142135623730951,0.0,1.0,0.0,1.4142135623730951,0.0,1.4142135623730951,1.0,1.4142135623730951,1.0,1.4142135623730951,1.0,0.0,1.0,0.0,1.0,1.4142135623730951,0.0,1.0,1.0,1.4142135623730951,1.0,1.0,1.0,0.0,1.0,1.4142135623730951,1.0,1.4142135623730951,1.0,1.0,1.4142135623730951,1.0,1.0,0.0,1.0,1.0,1.4142135623730951,1.4142135623730951,1.0,1.4142135623730951,1.0,1.4142135623730951,1.0,1.0,1.4142135623730951,1.0,1.0,1.0,1.4142135623730951,1.4142135623730951,1.0,1.4142135623730951,1.0,1.0,1.4142135623730951,1.0,1.0,1.0,1.0,1.4142135623730951,1.0,1.0,1.4142135623730951,1.0,1.0,1.0,1.0,1.0,1.0,1.0,1.4142135623730951,1.4142135623730951,0.0,1.4142135623730951,1.4142135623730951,1.0,1.0,1.4142135623730951,0.0,1.0,1.4142135623730951,1.0,1.0,1.0,1.0,0.0
Nigogu,1.4142135623730951,1.4142135623730951,1.4142135623730951,1.4142135623730951,1.0,1.4142135623730951,1.0,1.4142135623730951,1.4142135623730951,1.4142135623730951,1.0,1.4142135623730951,1.4142135623730951,1.4142135623730951,1.4142135623730951,1.4142135623730951,1.0,1.0,1.4142135623730951,1.0,1.4142135623730951,1.4142135623730951,1.4142135623730951,1.0,1.4142135623730951,1.4142135623730951,1.4142135623730951,0.0,1.0,1.4142135623730951,1.0,1.4142135623730951,1.0,1.4142135623730951,1.0,1.4142135623730951,1.0,1.4142135623730951,1.4142135623730951,1.0,1.0,0.0,1.0,1.0,1.0,1.4142135623730951,1.0,1.4142135623730951,1.0,1.4142135623730951,1.0,1.0,1.4142135623730951,1.0,1.0,1.4142135623730951,1.0,1.0,0.0,0.0,1.0,0.0,1.0,0.0,1.0,1.0,0.0,1.0,1.0,1.0,0.0,0.0,1.0,0.0,1.0,1.0,0.0,1.0,1.0,1.0,1.0,1.4142135623730951,1.0,1.0,0.0,1.0,1.0,1.0,1.0,1.0,1.0,1.0,0.0,1.4142135623730951,1.4142135623730951,0.0,1.4142135623730951,1.0,1.0,0.0,1.4142135623730951,1.0,0.0,1.0,1.0,1.0,1.0,1.4142135623730951
Daryhez,1.0,1.0,1.0,1.0,0.0,1.0,0.0,1.0,1.0,1.0,0.0,1.0,1.0,1.0,1.0,1.0,0.0,0.0,1.0,0.0,1.0,1.0,1.0,0.0,1.0,1.0,1.0,1.0,0.0,1.0,0.0,1.0,0.0,1.0,0.0,1.0,0.0,1.0,1.0,0.0,0.0,1.0,0.0,0.0,0.0,1.0,0.0,1.0,0.0,1.0,0.0,0.0,1.0,0.0,0.0,1.0,0.0,0.0,1.0,1.0,0.0,1.0,0.0,1.0,0.0,0.0,1.0,0.0,0.0,0.0,1.0,1.0,0.0,1.0,0.0,0.0,1.0,0.0,0.0,0.0,0.0,1.0,0.0,0.0,1.0,0.0,0.0,0.0,0.0,0.0,0.0,0.0,1.0,1.0,1.0,1.0,1.0,0.0,0.0,1.0,1.0,0.0,1.0,0.0,0.0,0.0,0.0,1.0
daapinzonch,1.4142135623730951,1.4142135623730951,1.4142135623730951,1.4142135623730951,1.0,1.4142135623730951,1.0,1.4142135623730951,1.4142135623730951,1.4142135623730951,1.0,1.4142135623730951,1.4142135623730951,1.4142135623730951,1.4142135623730951,1.4142135623730951,1.0,1.0,1.4142135623730951,1.0,1.4142135623730951,1.4142135623730951,1.4142135623730951,1.0,1.4142135623730951,1.4142135623730951,1.4142135623730951,1.4142135623730951,1.0,0.0,1.0,1.4142135623730951,1.0,1.4142135623730951,1.0,1.4142135623730951,1.0,1.4142135623730951,1.4142135623730951,1.0,1.0,1.4142135623730951,1.0,1.0,1.0,1.4142135623730951,1.0,1.4142135623730951,1.0,1.4142135623730951,1.0,1.0,1.4142135623730951,1.0,1.0,1.4142135623730951,1.0,1.0,1.4142135623730951,1.4142135623730951,1.0,1.4142135623730951,1.0,1.4142135623730951,1.0,1.0,1.4142135623730951,1.0,1.0,1.0,1.4142135623730951,1.4142135623730951,1.0,1.4142135623730951,1.0,1.0,1.4142135623730951,1.0,1.0,1.0,1.0,1.4142135623730951,1.0,1.0,1.4142135623730951,1.0,1.0,1.0,1.0,1.0,1.0,1.0,1.4142135623730951,1.4142135623730951,1.4142135623730951,1.4142135623730951,1.4142135623730951,1.0,1.0,1.4142135623730951,1.4142135623730951,1.0,1.4142135623730951,1.0,1.0,1.0,1.0,1.4142135623730951
fewilchesc,1.0,1.0,1.0,1.0,0.0,1.0,0.0,1.0,1.0,1.0,0.0,1.0,1.0,1.0,1.0,1.0,0.0,0.0,1.0,0.0,1.0,1.0,1.0,0.0,1.0,1.0,1.0,1.0,0.0,1.0,0.0,1.0,0.0,1.0,0.0,1.0,0.0,1.0,1.0,0.0,0.0,1.0,0.0,0.0,0.0,1.0,0.0,1.0,0.0,1.0,0.0,0.0,1.0,0.0,0.0,1.0,0.0,0.0,1.0,1.0,0.0,1.0,0.0,1.0,0.0,0.0,1.0,0.0,0.0,0.0,1.0,1.0,0.0,1.0,0.0,0.0,1.0,0.0,0.0,0.0,0.0,1.0,0.0,0.0,1.0,0.0,0.0,0.0,0.0,0.0,0.0,0.0,1.0,1.0,1.0,1.0,1.0,0.0,0.0,1.0,1.0,0.0,1.0,0.0,0.0,0.0,0.0,1.0
JorgeTorresC,1.4142135623730951,1.4142135623730951,1.4142135623730951,1.4142135623730951,1.0,1.4142135623730951,1.0,1.4142135623730951,1.4142135623730951,1.4142135623730951,1.0,1.4142135623730951,1.4142135623730951,1.4142135623730951,1.4142135623730951,1.4142135623730951,1.0,1.0,1.4142135623730951,1.0,1.4142135623730951,1.4142135623730951,1.4142135623730951,1.0,1.4142135623730951,1.4142135623730951,1.4142135623730951,1.4142135623730951,1.0,1.4142135623730951,1.0,0.0,1.0,1.4142135623730951,1.0,1.4142135623730951,1.0,1.4142135623730951,1.4142135623730951,1.0,1.0,1.4142135623730951,1.0,1.0,1.0,1.4142135623730951,1.0,1.4142135623730951,1.0,1.4142135623730951,1.0,1.0,1.4142135623730951,1.0,1.0,1.4142135623730951,1.0,1.0,1.4142135623730951,1.4142135623730951,1.0,1.4142135623730951,1.0,1.4142135623730951,1.0,1.0,1.4142135623730951,1.0,1.0,1.0,1.4142135623730951,1.4142135623730951,1.0,1.4142135623730951,1.0,1.0,1.4142135623730951,1.0,1.0,1.0,1.0,0.0,1.0,1.0,1.4142135623730951,1.0,1.0,1.0,1.0,1.0,1.0,1.0,1.4142135623730951,1.4142135623730951,1.4142135623730951,1.4142135623730951,1.4142135623730951,1.0,1.0,1.4142135623730951,1.4142135623730951,1.0,1.4142135623730951,1.0,1.0,1.0,1.0,1.4142135623730951
anythinglord,1.0,1.0,1.0,1.0,0.0,1.0,0.0,1.0,1.0,1.0,0.0,1.0,1.0,1.0,1.0,1.0,0.0,0.0,1.0,0.0,1.0,1.0,1.0,0.0,1.0,1.0,1.0,1.0,0.0,1.0,0.0,1.0,0.0,1.0,0.0,1.0,0.0,1.0,1.0,0.0,0.0,1.0,0.0,0.0,0.0,1.0,0.0,1.0,0.0,1.0,0.0,0.0,1.0,0.0,0.0,1.0,0.0,0.0,1.0,1.0,0.0,1.0,0.0,1.0,0.0,0.0,1.0,0.0,0.0,0.0,1.0,1.0,0.0,1.0,0.0,0.0,1.0,0.0,0.0,0.0,0.0,1.0,0.0,0.0,1.0,0.0,0.0,0.0,0.0,0.0,0.0,0.0,1.0,1.0,1.0,1.0,1.0,0.0,0.0,1.0,1.0,0.0,1.0,0.0,0.0,0.0,0.0,1.0
criscapunal,0.0,0.0,0.0,1.4142135623730951,1.0,1.4142135623730951,1.0,0.0,0.0,0.0,1.0,0.0,1.4142135623730951,0.0,0.0,0.0,1.0,1.0,1.4142135623730951,1.0,0.0,1.4142135623730951,0.0,1.0,0.0,1.4142135623730951,0.0,1.4142135623730951,1.0,1.4142135623730951,1.0,1.4142135623730951,1.0,0.0,1.0,0.0,1.0,1.4142135623730951,0.0,1.0,1.0,1.4142135623730951,1.0,1.0,1.0,0.0,1.0,1.4142135623730951,1.0,1.4142135623730951,1.0,1.0,1.4142135623730951,1.0,1.0,0.0,1.0,1.0,1.4142135623730951,1.4142135623730951,1.0,1.4142135623730951,1.0,1.4142135623730951,1.0,1.0,1.4142135623730951,1.0,1.0,1.0,1.4142135623730951,1.4142135623730951,1.0,1.4142135623730951,1.0,1.0,1.4142135623730951,1.0,1.0,1.0,1.0,1.4142135623730951,1.0,1.0,1.4142135623730951,1.0,1.0,1.0,1.0,1.0,1.0,1.0,1.4142135623730951,1.4142135623730951,0.0,1.4142135623730951,1.4142135623730951,1.0,1.0,1.4142135623730951,0.0,1.0,1.4142135623730951,1.0,1.0,1.0,1.0,0.0
dieguischa,1.0,1.0,1.0,1.0,0.0,1.0,0.0,1.0,1.0,1.0,0.0,1.0,1.0,1.0,1.0,1.0,0.0,0.0,1.0,0.0,1.0,1.0,1.0,0.0,1.0,1.0,1.0,1.0,0.0,1.0,0.0,1.0,0.0,1.0,0.0,1.0,0.0,1.0,1.0,0.0,0.0,1.0,0.0,0.0,0.0,1.0,0.0,1.0,0.0,1.0,0.0,0.0,1.0,0.0,0.0,1.0,0.0,0.0,1.0,1.0,0.0,1.0,0.0,1.0,0.0,0.0,1.0,0.0,0.0,0.0,1.0,1.0,0.0,1.0,0.0,0.0,1.0,0.0,0.0,0.0,0.0,1.0,0.0,0.0,1.0,0.0,0.0,0.0,0.0,0.0,0.0,0.0,1.0,1.0,1.0,1.0,1.0,0.0,0.0,1.0,1.0,0.0,1.0,0.0,0.0,0.0,0.0,1.0
Orloffyeah,0.0,0.0,0.0,1.4142135623730951,1.0,1.4142135623730951,1.0,0.0,0.0,0.0,1.0,0.0,1.4142135623730951,0.0,0.0,0.0,1.0,1.0,1.4142135623730951,1.0,0.0,1.4142135623730951,0.0,1.0,0.0,1.4142135623730951,0.0,1.4142135623730951,1.0,1.4142135623730951,1.0,1.4142135623730951,1.0,0.0,1.0,0.0,1.0,1.4142135623730951,0.0,1.0,1.0,1.4142135623730951,1.0,1.0,1.0,0.0,1.0,1.4142135623730951,1.0,1.4142135623730951,1.0,1.0,1.4142135623730951,1.0,1.0,0.0,1.0,1.0,1.4142135623730951,1.4142135623730951,1.0,1.4142135623730951,1.0,1.4142135623730951,1.0,1.0,1.4142135623730951,1.0,1.0,1.0,1.4142135623730951,1.4142135623730951,1.0,1.4142135623730951,1.0,1.0,1.4142135623730951,1.0,1.0,1.0,1.0,1.4142135623730951,1.0,1.0,1.4142135623730951,1.0,1.0,1.0,1.0,1.0,1.0,1.0,1.4142135623730951,1.4142135623730951,0.0,1.4142135623730951,1.4142135623730951,1.0,1.0,1.4142135623730951,0.0,1.0,1.4142135623730951,1.0,1.0,1.0,1.0,0.0
SergioLopez40,1.0,1.0,1.0,1.0,0.0,1.0,0.0,1.0,1.0,1.0,0.0,1.0,1.0,1.0,1.0,1.0,0.0,0.0,1.0,0.0,1.0,1.0,1.0,0.0,1.0,1.0,1.0,1.0,0.0,1.0,0.0,1.0,0.0,1.0,0.0,1.0,0.0,1.0,1.0,0.0,0.0,1.0,0.0,0.0,0.0,1.0,0.0,1.0,0.0,1.0,0.0,0.0,1.0,0.0,0.0,1.0,0.0,0.0,1.0,1.0,0.0,1.0,0.0,1.0,0.0,0.0,1.0,0.0,0.0,0.0,1.0,1.0,0.0,1.0,0.0,0.0,1.0,0.0,0.0,0.0,0.0,1.0,0.0,0.0,1.0,0.0,0.0,0.0,0.0,0.0,0.0,0.0,1.0,1.0,1.0,1.0,1.0,0.0,0.0,1.0,1.0,0.0,1.0,0.0,0.0,0.0,0.0,1.0
DiegoAraque1207,1.4142135623730951,1.4142135623730951,1.4142135623730951,1.4142135623730951,1.0,1.4142135623730951,1.0,1.4142135623730951,1.4142135623730951,1.4142135623730951,1.0,1.4142135623730951,1.4142135623730951,1.4142135623730951,1.4142135623730951,1.4142135623730951,1.0,1.0,0.0,1.0,1.4142135623730951,1.4142135623730951,1.4142135623730951,1.0,1.4142135623730951,1.4142135623730951,1.4142135623730951,1.4142135623730951,1.0,1.4142135623730951,1.0,1.4142135623730951,1.0,1.4142135623730951,1.0,1.4142135623730951,1.0,0.0,1.4142135623730951,1.0,1.0,1.4142135623730951,1.0,1.0,1.0,1.4142135623730951,1.0,0.0,1.0,1.4142135623730951,1.0,1.0,0.0,1.0,1.0,1.4142135623730951,1.0,1.0,1.4142135623730951,1.4142135623730951,1.0,1.4142135623730951,1.0,1.4142135623730951,1.0,1.0,1.4142135623730951,1.0,1.0,1.0,1.4142135623730951,1.4142135623730951,1.0,1.4142135623730951,1.0,1.0,1.4142135623730951,1.0,1.0,1.0,1.0,1.4142135623730951,1.0,1.0,1.4142135623730951,1.0,1.0,1.0,1.0,1.0,1.0,1.0,1.4142135623730951,1.4142135623730951,1.4142135623730951,1.4142135623730951,1.4142135623730951,1.0,1.0,1.4142135623730951,1.4142135623730951,1.0,1.4142135623730951,1.0,1.0,1.0,1.0,1.4142135623730951
olimita,0.0,0.0,0.0,1.4142135623730951,1.0,1.4142135623730951,1.0,0.0,0.0,0.0,1.0,0.0,1.4142135623730951,0.0,0.0,0.0,1.0,1.0,1.4142135623730951,1.0,0.0,1.4142135623730951,0.0,1.0,0.0,1.4142135623730951,0.0,1.4142135623730951,1.0,1.4142135623730951,1.0,1.4142135623730951,1.0,0.0,1.0,0.0,1.0,1.4142135623730951,0.0,1.0,1.0,1.4142135623730951,1.0,1.0,1.0,0.0,1.0,1.4142135623730951,1.0,1.4142135623730951,1.0,1.0,1.4142135623730951,1.0,1.0,0.0,1.0,1.0,1.4142135623730951,1.4142135623730951,1.0,1.4142135623730951,1.0,1.4142135623730951,1.0,1.0,1.4142135623730951,1.0,1.0,1.0,1.4142135623730951,1.4142135623730951,1.0,1.4142135623730951,1.0,1.0,1.4142135623730951,1.0,1.0,1.0,1.0,1.4142135623730951,1.0,1.0,1.4142135623730951,1.0,1.0,1.0,1.0,1.0,1.0,1.0,1.4142135623730951,1.4142135623730951,0.0,1.4142135623730951,1.4142135623730951,1.0,1.0,1.4142135623730951,0.0,1.0,1.4142135623730951,1.0,1.0,1.0,1.0,0.0
yaochoal,1.0,1.0,1.0,1.0,0.0,1.0,0.0,1.0,1.0,1.0,0.0,1.0,1.0,1.0,1.0,1.0,0.0,0.0,1.0,0.0,1.0,1.0,1.0,0.0,1.0,1.0,1.0,1.0,0.0,1.0,0.0,1.0,0.0,1.0,0.0,1.0,0.0,1.0,1.0,0.0,0.0,1.0,0.0,0.0,0.0,1.0,0.0,1.0,0.0,1.0,0.0,0.0,1.0,0.0,0.0,1.0,0.0,0.0,1.0,1.0,0.0,1.0,0.0,1.0,0.0,0.0,1.0,0.0,0.0,0.0,1.0,1.0,0.0,1.0,0.0,0.0,1.0,0.0,0.0,0.0,0.0,1.0,0.0,0.0,1.0,0.0,0.0,0.0,0.0,0.0,0.0,0.0,1.0,1.0,1.0,1.0,1.0,0.0,0.0,1.0,1.0,0.0,1.0,0.0,0.0,0.0,0.0,1.0
Gavnic,1.0,1.0,1.0,1.0,0.0,1.0,0.0,1.0,1.0,1.0,0.0,1.0,1.0,1.0,1.0,1.0,0.0,0.0,1.0,0.0,1.0,1.0,1.0,0.0,1.0,1.0,1.0,1.0,0.0,1.0,0.0,1.0,0.0,1.0,0.0,1.0,0.0,1.0,1.0,0.0,0.0,1.0,0.0,0.0,0.0,1.0,0.0,1.0,0.0,1.0,0.0,0.0,1.0,0.0,0.0,1.0,0.0,0.0,1.0,1.0,0.0,1.0,0.0,1.0,0.0,0.0,1.0,0.0,0.0,0.0,1.0,1.0,0.0,1.0,0.0,0.0,1.0,0.0,0.0,0.0,0.0,1.0,0.0,0.0,1.0,0.0,0.0,0.0,0.0,0.0,0.0,0.0,1.0,1.0,1.0,1.0,1.0,0.0,0.0,1.0,1.0,0.0,1.0,0.0,0.0,0.0,0.0,1.0
Joacampora,1.4142135623730951,1.4142135623730951,1.4142135623730951,1.4142135623730951,1.0,1.4142135623730951,1.0,1.4142135623730951,1.4142135623730951,1.4142135623730951,1.0,1.4142135623730951,1.4142135623730951,1.4142135623730951,1.4142135623730951,1.4142135623730951,1.0,1.0,1.4142135623730951,1.0,1.4142135623730951,1.4142135623730951,1.4142135623730951,1.0,1.4142135623730951,1.4142135623730951,1.4142135623730951,0.0,1.0,1.4142135623730951,1.0,1.4142135623730951,1.0,1.4142135623730951,1.0,1.4142135623730951,1.0,1.4142135623730951,1.4142135623730951,1.0,1.0,0.0,1.0,1.0,1.0,1.4142135623730951,1.0,1.4142135623730951,1.0,1.4142135623730951,1.0,1.0,1.4142135623730951,1.0,1.0,1.4142135623730951,1.0,1.0,0.0,0.0,1.0,0.0,1.0,0.0,1.0,1.0,0.0,1.0,1.0,1.0,0.0,0.0,1.0,0.0,1.0,1.0,0.0,1.0,1.0,1.0,1.0,1.4142135623730951,1.0,1.0,0.0,1.0,1.0,1.0,1.0,1.0,1.0,1.0,0.0,1.4142135623730951,1.4142135623730951,0.0,1.4142135623730951,1.0,1.0,0.0,1.4142135623730951,1.0,0.0,1.0,1.0,1.0,1.0,1.4142135623730951
Ozai98,1.0,1.0,1.0,1.0,0.0,1.0,0.0,1.0,1.0,1.0,0.0,1.0,1.0,1.0,1.0,1.0,0.0,0.0,1.0,0.0,1.0,1.0,1.0,0.0,1.0,1.0,1.0,1.0,0.0,1.0,0.0,1.0,0.0,1.0,0.0,1.0,0.0,1.0,1.0,0.0,0.0,1.0,0.0,0.0,0.0,1.0,0.0,1.0,0.0,1.0,0.0,0.0,1.0,0.0,0.0,1.0,0.0,0.0,1.0,1.0,0.0,1.0,0.0,1.0,0.0,0.0,1.0,0.0,0.0,0.0,1.0,1.0,0.0,1.0,0.0,0.0,1.0,0.0,0.0,0.0,0.0,1.0,0.0,0.0,1.0,0.0,0.0,0.0,0.0,0.0,0.0,0.0,1.0,1.0,1.0,1.0,1.0,0.0,0.0,1.0,1.0,0.0,1.0,0.0,0.0,0.0,0.0,1.0
nviverosb,1.0,1.0,1.0,1.0,0.0,1.0,0.0,1.0,1.0,1.0,0.0,1.0,1.0,1.0,1.0,1.0,0.0,0.0,1.0,0.0,1.0,1.0,1.0,0.0,1.0,1.0,1.0,1.0,0.0,1.0,0.0,1.0,0.0,1.0,0.0,1.0,0.0,1.0,1.0,0.0,0.0,1.0,0.0,0.0,0.0,1.0,0.0,1.0,0.0,1.0,0.0,0.0,1.0,0.0,0.0,1.0,0.0,0.0,1.0,1.0,0.0,1.0,0.0,1.0,0.0,0.0,1.0,0.0,0.0,0.0,1.0,1.0,0.0,1.0,0.0,0.0,1.0,0.0,0.0,0.0,0.0,1.0,0.0,0.0,1.0,0.0,0.0,0.0,0.0,0.0,0.0,0.0,1.0,1.0,1.0,1.0,1.0,0.0,0.0,1.0,1.0,0.0,1.0,0.0,0.0,0.0,0.0,1.0
Sariilan,1.0,1.0,1.0,1.0,0.0,1.0,0.0,1.0,1.0,1.0,0.0,1.0,1.0,1.0,1.0,1.0,0.0,0.0,1.0,0.0,1.0,1.0,1.0,0.0,1.0,1.0,1.0,1.0,0.0,1.0,0.0,1.0,0.0,1.0,0.0,1.0,0.0,1.0,1.0,0.0,0.0,1.0,0.0,0.0,0.0,1.0,0.0,1.0,0.0,1.0,0.0,0.0,1.0,0.0,0.0,1.0,0.0,0.0,1.0,1.0,0.0,1.0,0.0,1.0,0.0,0.0,1.0,0.0,0.0,0.0,1.0,1.0,0.0,1.0,0.0,0.0,1.0,0.0,0.0,0.0,0.0,1.0,0.0,0.0,1.0,0.0,0.0,0.0,0.0,0.0,0.0,0.0,1.0,1.0,1.0,1.0,1.0,0.0,0.0,1.0,1.0,0.0,1.0,0.0,0.0,0.0,0.0,1.0
Alekzu,0.0,0.0,0.0,1.4142135623730951,1.0,1.4142135623730951,1.0,0.0,0.0,0.0,1.0,0.0,1.4142135623730951,0.0,0.0,0.0,1.0,1.0,1.4142135623730951,1.0,0.0,1.4142135623730951,0.0,1.0,0.0,1.4142135623730951,0.0,1.4142135623730951,1.0,1.4142135623730951,1.0,1.4142135623730951,1.0,0.0,1.0,0.0,1.0,1.4142135623730951,0.0,1.0,1.0,1.4142135623730951,1.0,1.0,1.0,0.0,1.0,1.4142135623730951,1.0,1.4142135623730951,1.0,1.0,1.4142135623730951,1.0,1.0,0.0,1.0,1.0,1.4142135623730951,1.4142135623730951,1.0,1.4142135623730951,1.0,1.4142135623730951,1.0,1.0,1.4142135623730951,1.0,1.0,1.0,1.4142135623730951,1.4142135623730951,1.0,1.4142135623730951,1.0,1.0,1.4142135623730951,1.0,1.0,1.0,1.0,1.4142135623730951,1.0,1.0,1.4142135623730951,1.0,1.0,1.0,1.0,1.0,1.0,1.0,1.4142135623730951,1.4142135623730951,0.0,1.4142135623730951,1.4142135623730951,1.0,1.0,1.4142135623730951,0.0,1.0,1.4142135623730951,1.0,1.0,1.0,1.0,0.0
vvargasd,1.0,1.0,1.0,1.0,0.0,1.0,0.0,1.0,1.0,1.0,0.0,1.0,1.0,1.0,1.0,1.0,0.0,0.0,1.0,0.0,1.0,1.0,1.0,0.0,1.0,1.0,1.0,1.0,0.0,1.0,0.0,1.0,0.0,1.0,0.0,1.0,0.0,1.0,1.0,0.0,0.0,1.0,0.0,0.0,0.0,1.0,0.0,1.0,0.0,1.0,0.0,0.0,1.0,0.0,0.0,1.0,0.0,0.0,1.0,1.0,0.0,1.0,0.0,1.0,0.0,0.0,1.0,0.0,0.0,0.0,1.0,1.0,0.0,1.0,0.0,0.0,1.0,0.0,0.0,0.0,0.0,1.0,0.0,0.0,1.0,0.0,0.0,0.0,0.0,0.0,0.0,0.0,1.0,1.0,1.0,1.0,1.0,0.0,0.0,1.0,1.0,0.0,1.0,0.0,0.0,0.0,0.0,1.0
biherrerap,1.4142135623730951,1.4142135623730951,1.4142135623730951,1.4142135623730951,1.0,1.4142135623730951,1.0,1.4142135623730951,1.4142135623730951,1.4142135623730951,1.0,1.4142135623730951,1.4142135623730951,1.4142135623730951,1.4142135623730951,1.4142135623730951,1.0,1.0,0.0,1.0,1.4142135623730951,1.4142135623730951,1.4142135623730951,1.0,1.4142135623730951,1.4142135623730951,1.4142135623730951,1.4142135623730951,1.0,1.4142135623730951,1.0,1.4142135623730951,1.0,1.4142135623730951,1.0,1.4142135623730951,1.0,0.0,1.4142135623730951,1.0,1.0,1.4142135623730951,1.0,1.0,1.0,1.4142135623730951,1.0,0.0,1.0,1.4142135623730951,1.0,1.0,0.0,1.0,1.0,1.4142135623730951,1.0,1.0,1.4142135623730951,1.4142135623730951,1.0,1.4142135623730951,1.0,1.4142135623730951,1.0,1.0,1.4142135623730951,1.0,1.0,1.0,1.4142135623730951,1.4142135623730951,1.0,1.4142135623730951,1.0,1.0,1.4142135623730951,1.0,1.0,1.0,1.0,1.4142135623730951,1.0,1.0,1.4142135623730951,1.0,1.0,1.0,1.0,1.0,1.0,1.0,1.4142135623730951,1.4142135623730951,1.4142135623730951,1.4142135623730951,1.4142135623730951,1.0,1.0,1.4142135623730951,1.4142135623730951,1.0,1.4142135623730951,1.0,1.0,1.0,1.0,1.4142135623730951
bfprietoc,1.0,1.0,1.0,1.0,0.0,1.0,0.0,1.0,1.0,1.0,0.0,1.0,1.0,1.0,1.0,1.0,0.0,0.0,1.0,0.0,1.0,1.0,1.0,0.0,1.0,1.0,1.0,1.0,0.0,1.0,0.0,1.0,0.0,1.0,0.0,1.0,0.0,1.0,1.0,0.0,0.0,1.0,0.0,0.0,0.0,1.0,0.0,1.0,0.0,1.0,0.0,0.0,1.0,0.0,0.0,1.0,0.0,0.0,1.0,1.0,0.0,1.0,0.0,1.0,0.0,0.0,1.0,0.0,0.0,0.0,1.0,1.0,0.0,1.0,0.0,0.0,1.0,0.0,0.0,0.0,0.0,1.0,0.0,0.0,1.0,0.0,0.0,0.0,0.0,0.0,0.0,0.0,1.0,1.0,1.0,1.0,1.0,0.0,0.0,1.0,1.0,0.0,1.0,0.0,0.0,0.0,0.0,1.0
LauraMolina,1.4142135623730951,1.4142135623730951,1.4142135623730951,1.4142135623730951,1.0,1.4142135623730951,1.0,1.4142135623730951,1.4142135623730951,1.4142135623730951,1.0,1.4142135623730951,1.4142135623730951,1.4142135623730951,1.4142135623730951,1.4142135623730951,1.0,1.0,1.4142135623730951,1.0,1.4142135623730951,1.4142135623730951,1.4142135623730951,1.0,1.4142135623730951,1.4142135623730951,1.4142135623730951,1.4142135623730951,1.0,1.4142135623730951,1.0,1.4142135623730951,1.0,1.4142135623730951,1.0,1.4142135623730951,1.0,1.4142135623730951,1.4142135623730951,1.0,1.0,1.4142135623730951,1.0,1.0,1.0,1.4142135623730951,1.0,1.4142135623730951,1.0,0.0,1.0,1.0,1.4142135623730951,1.0,1.0,1.4142135623730951,1.0,1.0,1.4142135623730951,1.4142135623730951,1.0,1.4142135623730951,1.0,1.4142135623730951,1.0,1.0,1.4142135623730951,1.0,1.0,1.0,1.4142135623730951,1.4142135623730951,1.0,1.4142135623730951,1.0,1.0,1.4142135623730951,1.0,1.0,1.0,1.0,1.4142135623730951,1.0,1.0,1.4142135623730951,1.0,1.0,1.0,1.0,1.0,1.0,1.0,1.4142135623730951,1.4142135623730951,1.4142135623730951,1.4142135623730951,1.4142135623730951,1.0,1.0,1.4142135623730951,1.4142135623730951,1.0,1.4142135623730951,1.0,1.0,1.0,1.0,1.4142135623730951
Acreed21,1.0,1.0,1.0,1.0,0.0,1.0,0.0,1.0,1.0,1.0,0.0,1.0,1.0,1.0,1.0,1.0,0.0,0.0,1.0,0.0,1.0,1.0,1.0,0.0,1.0,1.0,1.0,1.0,0.0,1.0,0.0,1.0,0.0,1.0,0.0,1.0,0.0,1.0,1.0,0.0,0.0,1.0,0.0,0.0,0.0,1.0,0.0,1.0,0.0,1.0,0.0,0.0,1.0,0.0,0.0,1.0,0.0,0.0,1.0,1.0,0.0,1.0,0.0,1.0,0.0,0.0,1.0,0.0,0.0,0.0,1.0,1.0,0.0,1.0,0.0,0.0,1.0,0.0,0.0,0.0,0.0,1.0,0.0,0.0,1.0,0.0,0.0,0.0,0.0,0.0,0.0,0.0,1.0,1.0,1.0,1.0,1.0,0.0,0.0,1.0,1.0,0.0,1.0,0.0,0.0,0.0,0.0,1.0
Camiioo,1.0,1.0,1.0,1.0,0.0,1.0,0.0,1.0,1.0,1.0,0.0,1.0,1.0,1.0,1.0,1.0,0.0,0.0,1.0,0.0,1.0,1.0,1.0,0.0,1.0,1.0,1.0,1.0,0.0,1.0,0.0,1.0,0.0,1.0,0.0,1.0,0.0,1.0,1.0,0.0,0.0,1.0,0.0,0.0,0.0,1.0,0.0,1.0,0.0,1.0,0.0,0.0,1.0,0.0,0.0,1.0,0.0,0.0,1.0,1.0,0.0,1.0,0.0,1.0,0.0,0.0,1.0,0.0,0.0,0.0,1.0,1.0,0.0,1.0,0.0,0.0,1.0,0.0,0.0,0.0,0.0,1.0,0.0,0.0,1.0,0.0,0.0,0.0,0.0,0.0,0.0,0.0,1.0,1.0,1.0,1.0,1.0,0.0,0.0,1.0,1.0,0.0,1.0,0.0,0.0,0.0,0.0,1.0
frnkbs,1.4142135623730951,1.4142135623730951,1.4142135623730951,1.4142135623730951,1.0,1.4142135623730951,1.0,1.4142135623730951,1.4142135623730951,1.4142135623730951,1.0,1.4142135623730951,1.4142135623730951,1.4142135623730951,1.4142135623730951,1.4142135623730951,1.0,1.0,0.0,1.0,1.4142135623730951,1.4142135623730951,1.4142135623730951,1.0,1.4142135623730951,1.4142135623730951,1.4142135623730951,1.4142135623730951,1.0,1.4142135623730951,1.0,1.4142135623730951,1.0,1.4142135623730951,1.0,1.4142135623730951,1.0,0.0,1.4142135623730951,1.0,1.0,1.4142135623730951,1.0,1.0,1.0,1.4142135623730951,1.0,0.0,1.0,1.4142135623730951,1.0,1.0,0.0,1.0,1.0,1.4142135623730951,1.0,1.0,1.4142135623730951,1.4142135623730951,1.0,1.4142135623730951,1.0,1.4142135623730951,1.0,1.0,1.4142135623730951,1.0,1.0,1.0,1.4142135623730951,1.4142135623730951,1.0,1.4142135623730951,1.0,1.0,1.4142135623730951,1.0,1.0,1.0,1.0,1.4142135623730951,1.0,1.0,1.4142135623730951,1.0,1.0,1.0,1.0,1.0,1.0,1.0,1.4142135623730951,1.4142135623730951,1.4142135623730951,1.4142135623730951,1.4142135623730951,1.0,1.0,1.4142135623730951,1.4142135623730951,1.0,1.4142135623730951,1.0,1.0,1.0,1.0,1.4142135623730951
Jfcastroh,1.0,1.0,1.0,1.0,0.0,1.0,0.0,1.0,1.0,1.0,0.0,1.0,1.0,1.0,1.0,1.0,0.0,0.0,1.0,0.0,1.0,1.0,1.0,0.0,1.0,1.0,1.0,1.0,0.0,1.0,0.0,1.0,0.0,1.0,0.0,1.0,0.0,1.0,1.0,0.0,0.0,1.0,0.0,0.0,0.0,1.0,0.0,1.0,0.0,1.0,0.0,0.0,1.0,0.0,0.0,1.0,0.0,0.0,1.0,1.0,0.0,1.0,0.0,1.0,0.0,0.0,1.0,0.0,0.0,0.0,1.0,1.0,0.0,1.0,0.0,0.0,1.0,0.0,0.0,0.0,0.0,1.0,0.0,0.0,1.0,0.0,0.0,0.0,0.0,0.0,0.0,0.0,1.0,1.0,1.0,1.0,1.0,0.0,0.0,1.0,1.0,0.0,1.0,0.0,0.0,0.0,0.0,1.0
evilcucaracha,1.0,1.0,1.0,1.0,0.0,1.0,0.0,1.0,1.0,1.0,0.0,1.0,1.0,1.0,1.0,1.0,0.0,0.0,1.0,0.0,1.0,1.0,1.0,0.0,1.0,1.0,1.0,1.0,0.0,1.0,0.0,1.0,0.0,1.0,0.0,1.0,0.0,1.0,1.0,0.0,0.0,1.0,0.0,0.0,0.0,1.0,0.0,1.0,0.0,1.0,0.0,0.0,1.0,0.0,0.0,1.0,0.0,0.0,1.0,1.0,0.0,1.0,0.0,1.0,0.0,0.0,1.0,0.0,0.0,0.0,1.0,1.0,0.0,1.0,0.0,0.0,1.0,0.0,0.0,0.0,0.0,1.0,0.0,0.0,1.0,0.0,0.0,0.0,0.0,0.0,0.0,0.0,1.0,1.0,1.0,1.0,1.0,0.0,0.0,1.0,1.0,0.0,1.0,0.0,0.0,0.0,0.0,1.0
JulianM96,0.0,0.0,0.0,1.4142135623730951,1.0,1.4142135623730951,1.0,0.0,0.0,0.0,1.0,0.0,1.4142135623730951,0.0,0.0,0.0,1.0,1.0,1.4142135623730951,1.0,0.0,1.4142135623730951,0.0,1.0,0.0,1.4142135623730951,0.0,1.4142135623730951,1.0,1.4142135623730951,1.0,1.4142135623730951,1.0,0.0,1.0,0.0,1.0,1.4142135623730951,0.0,1.0,1.0,1.4142135623730951,1.0,1.0,1.0,0.0,1.0,1.4142135623730951,1.0,1.4142135623730951,1.0,1.0,1.4142135623730951,1.0,1.0,0.0,1.0,1.0,1.4142135623730951,1.4142135623730951,1.0,1.4142135623730951,1.0,1.4142135623730951,1.0,1.0,1.4142135623730951,1.0,1.0,1.0,1.4142135623730951,1.4142135623730951,1.0,1.4142135623730951,1.0,1.0,1.4142135623730951,1.0,1.0,1.0,1.0,1.4142135623730951,1.0,1.0,1.4142135623730951,1.0,1.0,1.0,1.0,1.0,1.0,1.0,1.4142135623730951,1.4142135623730951,0.0,1.4142135623730951,1.4142135623730951,1.0,1.0,1.4142135623730951,0.0,1.0,1.4142135623730951,1.0,1.0,1.0,1.0,0.0
Saariasba,1.0,1.0,1.0,1.0,0.0,1.0,0.0,1.0,1.0,1.0,0.0,1.0,1.0,1.0,1.0,1.0,0.0,0.0,1.0,0.0,1.0,1.0,1.0,0.0,1.0,1.0,1.0,1.0,0.0,1.0,0.0,1.0,0.0,1.0,0.0,1.0,0.0,1.0,1.0,0.0,0.0,1.0,0.0,0.0,0.0,1.0,0.0,1.0,0.0,1.0,0.0,0.0,1.0,0.0,0.0,1.0,0.0,0.0,1.0,1.0,0.0,1.0,0.0,1.0,0.0,0.0,1.0,0.0,0.0,0.0,1.0,1.0,0.0,1.0,0.0,0.0,1.0,0.0,0.0,0.0,0.0,1.0,0.0,0.0,1.0,0.0,0.0,0.0,0.0,0.0,0.0,0.0,1.0,1.0,1.0,1.0,1.0,0.0,0.0,1.0,1.0,0.0,1.0,0.0,0.0,0.0,0.0,1.0
tres-iqus,1.0,1.0,1.0,1.0,0.0,1.0,0.0,1.0,1.0,1.0,0.0,1.0,1.0,1.0,1.0,1.0,0.0,0.0,1.0,0.0,1.0,1.0,1.0,0.0,1.0,1.0,1.0,1.0,0.0,1.0,0.0,1.0,0.0,1.0,0.0,1.0,0.0,1.0,1.0,0.0,0.0,1.0,0.0,0.0,0.0,1.0,0.0,1.0,0.0,1.0,0.0,0.0,1.0,0.0,0.0,1.0,0.0,0.0,1.0,1.0,0.0,1.0,0.0,1.0,0.0,0.0,1.0,0.0,0.0,0.0,1.0,1.0,0.0,1.0,0.0,0.0,1.0,0.0,0.0,0.0,0.0,1.0,0.0,0.0,1.0,0.0,0.0,0.0,0.0,0.0,0.0,0.0,1.0,1.0,1.0,1.0,1.0,0.0,0.0,1.0,1.0,0.0,1.0,0.0,0.0,0.0,0.0,1.0
cglaitong,1.4142135623730951,1.4142135623730951,1.4142135623730951,1.4142135623730951,1.0,1.4142135623730951,1.0,1.4142135623730951,1.4142135623730951,1.4142135623730951,1.0,1.4142135623730951,1.4142135623730951,1.4142135623730951,1.4142135623730951,1.4142135623730951,1.0,1.0,1.4142135623730951,1.0,1.4142135623730951,1.4142135623730951,1.4142135623730951,1.0,1.4142135623730951,1.4142135623730951,1.4142135623730951,0.0,1.0,1.4142135623730951,1.0,1.4142135623730951,1.0,1.4142135623730951,1.0,1.4142135623730951,1.0,1.4142135623730951,1.4142135623730951,1.0,1.0,0.0,1.0,1.0,1.0,1.4142135623730951,1.0,1.4142135623730951,1.0,1.4142135623730951,1.0,1.0,1.4142135623730951,1.0,1.0,1.4142135623730951,1.0,1.0,0.0,0.0,1.0,0.0,1.0,0.0,1.0,1.0,0.0,1.0,1.0,1.0,0.0,0.0,1.0,0.0,1.0,1.0,0.0,1.0,1.0,1.0,1.0,1.4142135623730951,1.0,1.0,0.0,1.0,1.0,1.0,1.0,1.0,1.0,1.0,0.0,1.4142135623730951,1.4142135623730951,0.0,1.4142135623730951,1.0,1.0,0.0,1.4142135623730951,1.0,0.0,1.0,1.0,1.0,1.0,1.4142135623730951
DaniCastel,1.4142135623730951,1.4142135623730951,1.4142135623730951,1.4142135623730951,1.0,1.4142135623730951,1.0,1.4142135623730951,1.4142135623730951,1.4142135623730951,1.0,1.4142135623730951,1.4142135623730951,1.4142135623730951,1.4142135623730951,1.4142135623730951,1.0,1.0,1.4142135623730951,1.0,1.4142135623730951,1.4142135623730951,1.4142135623730951,1.0,1.4142135623730951,1.4142135623730951,1.4142135623730951,0.0,1.0,1.4142135623730951,1.0,1.4142135623730951,1.0,1.4142135623730951,1.0,1.4142135623730951,1.0,1.4142135623730951,1.4142135623730951,1.0,1.0,0.0,1.0,1.0,1.0,1.4142135623730951,1.0,1.4142135623730951,1.0,1.4142135623730951,1.0,1.0,1.4142135623730951,1.0,1.0,1.4142135623730951,1.0,1.0,0.0,0.0,1.0,0.0,1.0,0.0,1.0,1.0,0.0,1.0,1.0,1.0,0.0,0.0,1.0,0.0,1.0,1.0,0.0,1.0,1.0,1.0,1.0,1.4142135623730951,1.0,1.0,0.0,1.0,1.0,1.0,1.0,1.0,1.0,1.0,0.0,1.4142135623730951,1.4142135623730951,0.0,1.4142135623730951,1.0,1.0,0.0,1.4142135623730951,1.0,0.0,1.0,1.0,1.0,1.0,1.4142135623730951
BrandonAvilanR,1.0,1.0,1.0,1.0,0.0,1.0,0.0,1.0,1.0,1.0,0.0,1.0,1.0,1.0,1.0,1.0,0.0,0.0,1.0,0.0,1.0,1.0,1.0,0.0,1.0,1.0,1.0,1.0,0.0,1.0,0.0,1.0,0.0,1.0,0.0,1.0,0.0,1.0,1.0,0.0,0.0,1.0,0.0,0.0,0.0,1.0,0.0,1.0,0.0,1.0,0.0,0.0,1.0,0.0,0.0,1.0,0.0,0.0,1.0,1.0,0.0,1.0,0.0,1.0,0.0,0.0,1.0,0.0,0.0,0.0,1.0,1.0,0.0,1.0,0.0,0.0,1.0,0.0,0.0,0.0,0.0,1.0,0.0,0.0,1.0,0.0,0.0,0.0,0.0,0.0,0.0,0.0,1.0,1.0,1.0,1.0,1.0,0.0,0.0,1.0,1.0,0.0,1.0,0.0,0.0,0.0,0.0,1.0
alejosaur,1.4142135623730951,1.4142135623730951,1.4142135623730951,1.4142135623730951,1.0,1.4142135623730951,1.0,1.4142135623730951,1.4142135623730951,1.4142135623730951,1.0,1.4142135623730951,1.4142135623730951,1.4142135623730951,1.4142135623730951,1.4142135623730951,1.0,1.0,1.4142135623730951,1.0,1.4142135623730951,1.4142135623730951,1.4142135623730951,1.0,1.4142135623730951,1.4142135623730951,1.4142135623730951,0.0,1.0,1.4142135623730951,1.0,1.4142135623730951,1.0,1.4142135623730951,1.0,1.4142135623730951,1.0,1.4142135623730951,1.4142135623730951,1.0,1.0,0.0,1.0,1.0,1.0,1.4142135623730951,1.0,1.4142135623730951,1.0,1.4142135623730951,1.0,1.0,1.4142135623730951,1.0,1.0,1.4142135623730951,1.0,1.0,0.0,0.0,1.0,0.0,1.0,0.0,1.0,1.0,0.0,1.0,1.0,1.0,0.0,0.0,1.0,0.0,1.0,1.0,0.0,1.0,1.0,1.0,1.0,1.4142135623730951,1.0,1.0,0.0,1.0,1.0,1.0,1.0,1.0,1.0,1.0,0.0,1.4142135623730951,1.4142135623730951,0.0,1.4142135623730951,1.0,1.0,0.0,1.4142135623730951,1.0,0.0,1.0,1.0,1.0,1.0,1.4142135623730951
jaasuarezvi,1.0,1.0,1.0,1.0,0.0,1.0,0.0,1.0,1.0,1.0,0.0,1.0,1.0,1.0,1.0,1.0,0.0,0.0,1.0,0.0,1.0,1.0,1.0,0.0,1.0,1.0,1.0,1.0,0.0,1.0,0.0,1.0,0.0,1.0,0.0,1.0,0.0,1.0,1.0,0.0,0.0,1.0,0.0,0.0,0.0,1.0,0.0,1.0,0.0,1.0,0.0,0.0,1.0,0.0,0.0,1.0,0.0,0.0,1.0,1.0,0.0,1.0,0.0,1.0,0.0,0.0,1.0,0.0,0.0,0.0,1.0,1.0,0.0,1.0,0.0,0.0,1.0,0.0,0.0,0.0,0.0,1.0,0.0,0.0,1.0,0.0,0.0,0.0,0.0,0.0,0.0,0.0,1.0,1.0,1.0,1.0,1.0,0.0,0.0,1.0,1.0,0.0,1.0,0.0,0.0,0.0,0.0,1.0
jdsolanos,1.4142135623730951,1.4142135623730951,1.4142135623730951,1.4142135623730951,1.0,1.4142135623730951,1.0,1.4142135623730951,1.4142135623730951,1.4142135623730951,1.0,1.4142135623730951,1.4142135623730951,1.4142135623730951,1.4142135623730951,1.4142135623730951,1.0,1.0,1.4142135623730951,1.0,1.4142135623730951,1.4142135623730951,1.4142135623730951,1.0,1.4142135623730951,1.4142135623730951,1.4142135623730951,0.0,1.0,1.4142135623730951,1.0,1.4142135623730951,1.0,1.4142135623730951,1.0,1.4142135623730951,1.0,1.4142135623730951,1.4142135623730951,1.0,1.0,0.0,1.0,1.0,1.0,1.4142135623730951,1.0,1.4142135623730951,1.0,1.4142135623730951,1.0,1.0,1.4142135623730951,1.0,1.0,1.4142135623730951,1.0,1.0,0.0,0.0,1.0,0.0,1.0,0.0,1.0,1.0,0.0,1.0,1.0,1.0,0.0,0.0,1.0,0.0,1.0,1.0,0.0,1.0,1.0,1.0,1.0,1.4142135623730951,1.0,1.0,0.0,1.0,1.0,1.0,1.0,1.0,1.0,1.0,0.0,1.4142135623730951,1.4142135623730951,0.0,1.4142135623730951,1.0,1.0,0.0,1.4142135623730951,1.0,0.0,1.0,1.0,1.0,1.0,1.4142135623730951
DavidsMartinez,1.0,1.0,1.0,1.0,0.0,1.0,0.0,1.0,1.0,1.0,0.0,1.0,1.0,1.0,1.0,1.0,0.0,0.0,1.0,0.0,1.0,1.0,1.0,0.0,1.0,1.0,1.0,1.0,0.0,1.0,0.0,1.0,0.0,1.0,0.0,1.0,0.0,1.0,1.0,0.0,0.0,1.0,0.0,0.0,0.0,1.0,0.0,1.0,0.0,1.0,0.0,0.0,1.0,0.0,0.0,1.0,0.0,0.0,1.0,1.0,0.0,1.0,0.0,1.0,0.0,0.0,1.0,0.0,0.0,0.0,1.0,1.0,0.0,1.0,0.0,0.0,1.0,0.0,0.0,0.0,0.0,1.0,0.0,0.0,1.0,0.0,0.0,0.0,0.0,0.0,0.0,0.0,1.0,1.0,1.0,1.0,1.0,0.0,0.0,1.0,1.0,0.0,1.0,0.0,0.0,0.0,0.0,1.0
Biopeligro,1.0,1.0,1.0,1.0,0.0,1.0,0.0,1.0,1.0,1.0,0.0,1.0,1.0,1.0,1.0,1.0,0.0,0.0,1.0,0.0,1.0,1.0,1.0,0.0,1.0,1.0,1.0,1.0,0.0,1.0,0.0,1.0,0.0,1.0,0.0,1.0,0.0,1.0,1.0,0.0,0.0,1.0,0.0,0.0,0.0,1.0,0.0,1.0,0.0,1.0,0.0,0.0,1.0,0.0,0.0,1.0,0.0,0.0,1.0,1.0,0.0,1.0,0.0,1.0,0.0,0.0,1.0,0.0,0.0,0.0,1.0,1.0,0.0,1.0,0.0,0.0,1.0,0.0,0.0,0.0,0.0,1.0,0.0,0.0,1.0,0.0,0.0,0.0,0.0,0.0,0.0,0.0,1.0,1.0,1.0,1.0,1.0,0.0,0.0,1.0,1.0,0.0,1.0,0.0,0.0,0.0,0.0,1.0
garayf,1.4142135623730951,1.4142135623730951,1.4142135623730951,1.4142135623730951,1.0,1.4142135623730951,1.0,1.4142135623730951,1.4142135623730951,1.4142135623730951,1.0,1.4142135623730951,1.4142135623730951,1.4142135623730951,1.4142135623730951,1.4142135623730951,1.0,1.0,1.4142135623730951,1.0,1.4142135623730951,1.4142135623730951,1.4142135623730951,1.0,1.4142135623730951,1.4142135623730951,1.4142135623730951,0.0,1.0,1.4142135623730951,1.0,1.4142135623730951,1.0,1.4142135623730951,1.0,1.4142135623730951,1.0,1.4142135623730951,1.4142135623730951,1.0,1.0,0.0,1.0,1.0,1.0,1.4142135623730951,1.0,1.4142135623730951,1.0,1.4142135623730951,1.0,1.0,1.4142135623730951,1.0,1.0,1.4142135623730951,1.0,1.0,0.0,0.0,1.0,0.0,1.0,0.0,1.0,1.0,0.0,1.0,1.0,1.0,0.0,0.0,1.0,0.0,1.0,1.0,0.0,1.0,1.0,1.0,1.0,1.4142135623730951,1.0,1.0,0.0,1.0,1.0,1.0,1.0,1.0,1.0,1.0,0.0,1.4142135623730951,1.4142135623730951,0.0,1.4142135623730951,1.0,1.0,0.0,1.4142135623730951,1.0,0.0,1.0,1.0,1.0,1.0,1.4142135623730951
jaleonro,1.0,1.0,1.0,1.0,0.0,1.0,0.0,1.0,1.0,1.0,0.0,1.0,1.0,1.0,1.0,1.0,0.0,0.0,1.0,0.0,1.0,1.0,1.0,0.0,1.0,1.0,1.0,1.0,0.0,1.0,0.0,1.0,0.0,1.0,0.0,1.0,0.0,1.0,1.0,0.0,0.0,1.0,0.0,0.0,0.0,1.0,0.0,1.0,0.0,1.0,0.0,0.0,1.0,0.0,0.0,1.0,0.0,0.0,1.0,1.0,0.0,1.0,0.0,1.0,0.0,0.0,1.0,0.0,0.0,0.0,1.0,1.0,0.0,1.0,0.0,0.0,1.0,0.0,0.0,0.0,0.0,1.0,0.0,0.0,1.0,0.0,0.0,0.0,0.0,0.0,0.0,0.0,1.0,1.0,1.0,1.0,1.0,0.0,0.0,1.0,1.0,0.0,1.0,0.0,0.0,0.0,0.0,1.0
facuellarg,1.0,1.0,1.0,1.0,0.0,1.0,0.0,1.0,1.0,1.0,0.0,1.0,1.0,1.0,1.0,1.0,0.0,0.0,1.0,0.0,1.0,1.0,1.0,0.0,1.0,1.0,1.0,1.0,0.0,1.0,0.0,1.0,0.0,1.0,0.0,1.0,0.0,1.0,1.0,0.0,0.0,1.0,0.0,0.0,0.0,1.0,0.0,1.0,0.0,1.0,0.0,0.0,1.0,0.0,0.0,1.0,0.0,0.0,1.0,1.0,0.0,1.0,0.0,1.0,0.0,0.0,1.0,0.0,0.0,0.0,1.0,1.0,0.0,1.0,0.0,0.0,1.0,0.0,0.0,0.0,0.0,1.0,0.0,0.0,1.0,0.0,0.0,0.0,0.0,0.0,0.0,0.0,1.0,1.0,1.0,1.0,1.0,0.0,0.0,1.0,1.0,0.0,1.0,0.0,0.0,0.0,0.0,1.0
Caadiazsi,1.0,1.0,1.0,1.0,0.0,1.0,0.0,1.0,1.0,1.0,0.0,1.0,1.0,1.0,1.0,1.0,0.0,0.0,1.0,0.0,1.0,1.0,1.0,0.0,1.0,1.0,1.0,1.0,0.0,1.0,0.0,1.0,0.0,1.0,0.0,1.0,0.0,1.0,1.0,0.0,0.0,1.0,0.0,0.0,0.0,1.0,0.0,1.0,0.0,1.0,0.0,0.0,1.0,0.0,0.0,1.0,0.0,0.0,1.0,1.0,0.0,1.0,0.0,1.0,0.0,0.0,1.0,0.0,0.0,0.0,1.0,1.0,0.0,1.0,0.0,0.0,1.0,0.0,0.0,0.0,0.0,1.0,0.0,0.0,1.0,0.0,0.0,0.0,0.0,0.0,0.0,0.0,1.0,1.0,1.0,1.0,1.0,0.0,0.0,1.0,1.0,0.0,1.0,0.0,0.0,0.0,0.0,1.0
sebcamacho1703,1.4142135623730951,1.4142135623730951,1.4142135623730951,1.4142135623730951,1.0,1.4142135623730951,1.0,1.4142135623730951,1.4142135623730951,1.4142135623730951,1.0,1.4142135623730951,1.4142135623730951,1.4142135623730951,1.4142135623730951,1.4142135623730951,1.0,1.0,1.4142135623730951,1.0,1.4142135623730951,1.4142135623730951,1.4142135623730951,1.0,1.4142135623730951,1.4142135623730951,1.4142135623730951,0.0,1.0,1.4142135623730951,1.0,1.4142135623730951,1.0,1.4142135623730951,1.0,1.4142135623730951,1.0,1.4142135623730951,1.4142135623730951,1.0,1.0,0.0,1.0,1.0,1.0,1.4142135623730951,1.0,1.4142135623730951,1.0,1.4142135623730951,1.0,1.0,1.4142135623730951,1.0,1.0,1.4142135623730951,1.0,1.0,0.0,0.0,1.0,0.0,1.0,0.0,1.0,1.0,0.0,1.0,1.0,1.0,0.0,0.0,1.0,0.0,1.0,1.0,0.0,1.0,1.0,1.0,1.0,1.4142135623730951,1.0,1.0,0.0,1.0,1.0,1.0,1.0,1.0,1.0,1.0,0.0,1.4142135623730951,1.4142135623730951,0.0,1.4142135623730951,1.0,1.0,0.0,1.4142135623730951,1.0,0.0,1.0,1.0,1.0,1.0,1.4142135623730951
xFortich,1.4142135623730951,1.4142135623730951,1.4142135623730951,1.4142135623730951,1.0,1.4142135623730951,1.0,1.4142135623730951,1.4142135623730951,1.4142135623730951,1.0,1.4142135623730951,1.4142135623730951,1.4142135623730951,1.4142135623730951,1.4142135623730951,1.0,1.0,1.4142135623730951,1.0,1.4142135623730951,1.4142135623730951,1.4142135623730951,1.0,1.4142135623730951,1.4142135623730951,1.4142135623730951,0.0,1.0,1.4142135623730951,1.0,1.4142135623730951,1.0,1.4142135623730951,1.0,1.4142135623730951,1.0,1.4142135623730951,1.4142135623730951,1.0,1.0,0.0,1.0,1.0,1.0,1.4142135623730951,1.0,1.4142135623730951,1.0,1.4142135623730951,1.0,1.0,1.4142135623730951,1.0,1.0,1.4142135623730951,1.0,1.0,0.0,0.0,1.0,0.0,1.0,0.0,1.0,1.0,0.0,1.0,1.0,1.0,0.0,0.0,1.0,0.0,1.0,1.0,0.0,1.0,1.0,1.0,1.0,1.4142135623730951,1.0,1.0,0.0,1.0,1.0,1.0,1.0,1.0,1.0,1.0,0.0,1.4142135623730951,1.4142135623730951,0.0,1.4142135623730951,1.0,1.0,0.0,1.4142135623730951,1.0,0.0,1.0,1.0,1.0,1.0,1.4142135623730951
Gusgal03,1.0,1.0,1.0,1.0,0.0,1.0,0.0,1.0,1.0,1.0,0.0,1.0,1.0,1.0,1.0,1.0,0.0,0.0,1.0,0.0,1.0,1.0,1.0,0.0,1.0,1.0,1.0,1.0,0.0,1.0,0.0,1.0,0.0,1.0,0.0,1.0,0.0,1.0,1.0,0.0,0.0,1.0,0.0,0.0,0.0,1.0,0.0,1.0,0.0,1.0,0.0,0.0,1.0,0.0,0.0,1.0,0.0,0.0,1.0,1.0,0.0,1.0,0.0,1.0,0.0,0.0,1.0,0.0,0.0,0.0,1.0,1.0,0.0,1.0,0.0,0.0,1.0,0.0,0.0,0.0,0.0,1.0,0.0,0.0,1.0,0.0,0.0,0.0,0.0,0.0,0.0,0.0,1.0,1.0,1.0,1.0,1.0,0.0,0.0,1.0,1.0,0.0,1.0,0.0,0.0,0.0,0.0,1.0
Juankmilo97,1.4142135623730951,1.4142135623730951,1.4142135623730951,1.4142135623730951,1.0,1.4142135623730951,1.0,1.4142135623730951,1.4142135623730951,1.4142135623730951,1.0,1.4142135623730951,1.4142135623730951,1.4142135623730951,1.4142135623730951,1.4142135623730951,1.0,1.0,1.4142135623730951,1.0,1.4142135623730951,1.4142135623730951,1.4142135623730951,1.0,1.4142135623730951,1.4142135623730951,1.4142135623730951,0.0,1.0,1.4142135623730951,1.0,1.4142135623730951,1.0,1.4142135623730951,1.0,1.4142135623730951,1.0,1.4142135623730951,1.4142135623730951,1.0,1.0,0.0,1.0,1.0,1.0,1.4142135623730951,1.0,1.4142135623730951,1.0,1.4142135623730951,1.0,1.0,1.4142135623730951,1.0,1.0,1.4142135623730951,1.0,1.0,0.0,0.0,1.0,0.0,1.0,0.0,1.0,1.0,0.0,1.0,1.0,1.0,0.0,0.0,1.0,0.0,1.0,1.0,0.0,1.0,1.0,1.0,1.0,1.4142135623730951,1.0,1.0,0.0,1.0,1.0,1.0,1.0,1.0,1.0,1.0,0.0,1.4142135623730951,1.4142135623730951,0.0,1.4142135623730951,1.0,1.0,0.0,1.4142135623730951,1.0,0.0,1.0,1.0,1.0,1.0,1.4142135623730951
alebautis,1.0,1.0,1.0,1.0,0.0,1.0,0.0,1.0,1.0,1.0,0.0,1.0,1.0,1.0,1.0,1.0,0.0,0.0,1.0,0.0,1.0,1.0,1.0,0.0,1.0,1.0,1.0,1.0,0.0,1.0,0.0,1.0,0.0,1.0,0.0,1.0,0.0,1.0,1.0,0.0,0.0,1.0,0.0,0.0,0.0,1.0,0.0,1.0,0.0,1.0,0.0,0.0,1.0,0.0,0.0,1.0,0.0,0.0,1.0,1.0,0.0,1.0,0.0,1.0,0.0,0.0,1.0,0.0,0.0,0.0,1.0,1.0,0.0,1.0,0.0,0.0,1.0,0.0,0.0,0.0,0.0,1.0,0.0,0.0,1.0,0.0,0.0,0.0,0.0,0.0,0.0,0.0,1.0,1.0,1.0,1.0,1.0,0.0,0.0,1.0,1.0,0.0,1.0,0.0,0.0,0.0,0.0,1.0
sarguellesr,1.0,1.0,1.0,1.0,0.0,1.0,0.0,1.0,1.0,1.0,0.0,1.0,1.0,1.0,1.0,1.0,0.0,0.0,1.0,0.0,1.0,1.0,1.0,0.0,1.0,1.0,1.0,1.0,0.0,1.0,0.0,1.0,0.0,1.0,0.0,1.0,0.0,1.0,1.0,0.0,0.0,1.0,0.0,0.0,0.0,1.0,0.0,1.0,0.0,1.0,0.0,0.0,1.0,0.0,0.0,1.0,0.0,0.0,1.0,1.0,0.0,1.0,0.0,1.0,0.0,0.0,1.0,0.0,0.0,0.0,1.0,1.0,0.0,1.0,0.0,0.0,1.0,0.0,0.0,0.0,0.0,1.0,0.0,0.0,1.0,0.0,0.0,0.0,0.0,0.0,0.0,0.0,1.0,1.0,1.0,1.0,1.0,0.0,0.0,1.0,1.0,0.0,1.0,0.0,0.0,0.0,0.0,1.0
davideperdomo,1.4142135623730951,1.4142135623730951,1.4142135623730951,1.4142135623730951,1.0,1.4142135623730951,1.0,1.4142135623730951,1.4142135623730951,1.4142135623730951,1.0,1.4142135623730951,1.4142135623730951,1.4142135623730951,1.4142135623730951,1.4142135623730951,1.0,1.0,1.4142135623730951,1.0,1.4142135623730951,1.4142135623730951,1.4142135623730951,1.0,1.4142135623730951,1.4142135623730951,1.4142135623730951,0.0,1.0,1.4142135623730951,1.0,1.4142135623730951,1.0,1.4142135623730951,1.0,1.4142135623730951,1.0,1.4142135623730951,1.4142135623730951,1.0,1.0,0.0,1.0,1.0,1.0,1.4142135623730951,1.0,1.4142135623730951,1.0,1.4142135623730951,1.0,1.0,1.4142135623730951,1.0,1.0,1.4142135623730951,1.0,1.0,0.0,0.0,1.0,0.0,1.0,0.0,1.0,1.0,0.0,1.0,1.0,1.0,0.0,0.0,1.0,0.0,1.0,1.0,0.0,1.0,1.0,1.0,1.0,1.4142135623730951,1.0,1.0,0.0,1.0,1.0,1.0,1.0,1.0,1.0,1.0,0.0,1.4142135623730951,1.4142135623730951,0.0,1.4142135623730951,1.0,1.0,0.0,1.4142135623730951,1.0,0.0,1.0,1.0,1.0,1.0,1.4142135623730951
JamerMejiaGarcia,1.0,1.0,1.0,1.0,0.0,1.0,0.0,1.0,1.0,1.0,0.0,1.0,1.0,1.0,1.0,1.0,0.0,0.0,1.0,0.0,1.0,1.0,1.0,0.0,1.0,1.0,1.0,1.0,0.0,1.0,0.0,1.0,0.0,1.0,0.0,1.0,0.0,1.0,1.0,0.0,0.0,1.0,0.0,0.0,0.0,1.0,0.0,1.0,0.0,1.0,0.0,0.0,1.0,0.0,0.0,1.0,0.0,0.0,1.0,1.0,0.0,1.0,0.0,1.0,0.0,0.0,1.0,0.0,0.0,0.0,1.0,1.0,0.0,1.0,0.0,0.0,1.0,0.0,0.0,0.0,0.0,1.0,0.0,0.0,1.0,0.0,0.0,0.0,0.0,0.0,0.0,0.0,1.0,1.0,1.0,1.0,1.0,0.0,0.0,1.0,1.0,0.0,1.0,0.0,0.0,0.0,0.0,1.0
nikolasto,1.0,1.0,1.0,1.0,0.0,1.0,0.0,1.0,1.0,1.0,0.0,1.0,1.0,1.0,1.0,1.0,0.0,0.0,1.0,0.0,1.0,1.0,1.0,0.0,1.0,1.0,1.0,1.0,0.0,1.0,0.0,1.0,0.0,1.0,0.0,1.0,0.0,1.0,1.0,0.0,0.0,1.0,0.0,0.0,0.0,1.0,0.0,1.0,0.0,1.0,0.0,0.0,1.0,0.0,0.0,1.0,0.0,0.0,1.0,1.0,0.0,1.0,0.0,1.0,0.0,0.0,1.0,0.0,0.0,0.0,1.0,1.0,0.0,1.0,0.0,0.0,1.0,0.0,0.0,0.0,0.0,1.0,0.0,0.0,1.0,0.0,0.0,0.0,0.0,0.0,0.0,0.0,1.0,1.0,1.0,1.0,1.0,0.0,0.0,1.0,1.0,0.0,1.0,0.0,0.0,0.0,0.0,1.0
gahormigag,1.0,1.0,1.0,1.0,0.0,1.0,0.0,1.0,1.0,1.0,0.0,1.0,1.0,1.0,1.0,1.0,0.0,0.0,1.0,0.0,1.0,1.0,1.0,0.0,1.0,1.0,1.0,1.0,0.0,1.0,0.0,1.0,0.0,1.0,0.0,1.0,0.0,1.0,1.0,0.0,0.0,1.0,0.0,0.0,0.0,1.0,0.0,1.0,0.0,1.0,0.0,0.0,1.0,0.0,0.0,1.0,0.0,0.0,1.0,1.0,0.0,1.0,0.0,1.0,0.0,0.0,1.0,0.0,0.0,0.0,1.0,1.0,0.0,1.0,0.0,0.0,1.0,0.0,0.0,0.0,0.0,1.0,0.0,0.0,1.0,0.0,0.0,0.0,0.0,0.0,0.0,0.0,1.0,1.0,1.0,1.0,1.0,0.0,0.0,1.0,1.0,0.0,1.0,0.0,0.0,0.0,0.0,1.0
ayperezc,1.0,1.0,1.0,1.0,0.0,1.0,0.0,1.0,1.0,1.0,0.0,1.0,1.0,1.0,1.0,1.0,0.0,0.0,1.0,0.0,1.0,1.0,1.0,0.0,1.0,1.0,1.0,1.0,0.0,1.0,0.0,1.0,0.0,1.0,0.0,1.0,0.0,1.0,1.0,0.0,0.0,1.0,0.0,0.0,0.0,1.0,0.0,1.0,0.0,1.0,0.0,0.0,1.0,0.0,0.0,1.0,0.0,0.0,1.0,1.0,0.0,1.0,0.0,1.0,0.0,0.0,1.0,0.0,0.0,0.0,1.0,1.0,0.0,1.0,0.0,0.0,1.0,0.0,0.0,0.0,0.0,1.0,0.0,0.0,1.0,0.0,0.0,0.0,0.0,0.0,0.0,0.0,1.0,1.0,1.0,1.0,1.0,0.0,0.0,1.0,1.0,0.0,1.0,0.0,0.0,0.0,0.0,1.0
anferoar96,1.4142135623730951,1.4142135623730951,1.4142135623730951,1.4142135623730951,1.0,1.4142135623730951,1.0,1.4142135623730951,1.4142135623730951,1.4142135623730951,1.0,1.4142135623730951,1.4142135623730951,1.4142135623730951,1.4142135623730951,1.4142135623730951,1.0,1.0,1.4142135623730951,1.0,1.4142135623730951,1.4142135623730951,1.4142135623730951,1.0,1.4142135623730951,1.4142135623730951,1.4142135623730951,1.4142135623730951,1.0,1.4142135623730951,1.0,0.0,1.0,1.4142135623730951,1.0,1.4142135623730951,1.0,1.4142135623730951,1.4142135623730951,1.0,1.0,1.4142135623730951,1.0,1.0,1.0,1.4142135623730951,1.0,1.4142135623730951,1.0,1.4142135623730951,1.0,1.0,1.4142135623730951,1.0,1.0,1.4142135623730951,1.0,1.0,1.4142135623730951,1.4142135623730951,1.0,1.4142135623730951,1.0,1.4142135623730951,1.0,1.0,1.4142135623730951,1.0,1.0,1.0,1.4142135623730951,1.4142135623730951,1.0,1.4142135623730951,1.0,1.0,1.4142135623730951,1.0,1.0,1.0,1.0,0.0,1.0,1.0,1.4142135623730951,1.0,1.0,1.0,1.0,1.0,1.0,1.0,1.4142135623730951,1.4142135623730951,1.4142135623730951,1.4142135623730951,1.4142135623730951,1.0,1.0,1.4142135623730951,1.4142135623730951,1.0,1.4142135623730951,1.0,1.0,1.0,1.0,1.4142135623730951
StevenEsmar,1.0,1.0,1.0,1.0,0.0,1.0,0.0,1.0,1.0,1.0,0.0,1.0,1.0,1.0,1.0,1.0,0.0,0.0,1.0,0.0,1.0,1.0,1.0,0.0,1.0,1.0,1.0,1.0,0.0,1.0,0.0,1.0,0.0,1.0,0.0,1.0,0.0,1.0,1.0,0.0,0.0,1.0,0.0,0.0,0.0,1.0,0.0,1.0,0.0,1.0,0.0,0.0,1.0,0.0,0.0,1.0,0.0,0.0,1.0,1.0,0.0,1.0,0.0,1.0,0.0,0.0,1.0,0.0,0.0,0.0,1.0,1.0,0.0,1.0,0.0,0.0,1.0,0.0,0.0,0.0,0.0,1.0,0.0,0.0,1.0,0.0,0.0,0.0,0.0,0.0,0.0,0.0,1.0,1.0,1.0,1.0,1.0,0.0,0.0,1.0,1.0,0.0,1.0,0.0,0.0,0.0,0.0,1.0
dcastanedar,1.0,1.0,1.0,1.0,0.0,1.0,0.0,1.0,1.0,1.0,0.0,1.0,1.0,1.0,1.0,1.0,0.0,0.0,1.0,0.0,1.0,1.0,1.0,0.0,1.0,1.0,1.0,1.0,0.0,1.0,0.0,1.0,0.0,1.0,0.0,1.0,0.0,1.0,1.0,0.0,0.0,1.0,0.0,0.0,0.0,1.0,0.0,1.0,0.0,1.0,0.0,0.0,1.0,0.0,0.0,1.0,0.0,0.0,1.0,1.0,0.0,1.0,0.0,1.0,0.0,0.0,1.0,0.0,0.0,0.0,1.0,1.0,0.0,1.0,0.0,0.0,1.0,0.0,0.0,0.0,0.0,1.0,0.0,0.0,1.0,0.0,0.0,0.0,0.0,0.0,0.0,0.0,1.0,1.0,1.0,1.0,1.0,0.0,0.0,1.0,1.0,0.0,1.0,0.0,0.0,0.0,0.0,1.0
trickyjuggler,1.4142135623730951,1.4142135623730951,1.4142135623730951,1.4142135623730951,1.0,1.4142135623730951,1.0,1.4142135623730951,1.4142135623730951,1.4142135623730951,1.0,1.4142135623730951,1.4142135623730951,1.4142135623730951,1.4142135623730951,1.4142135623730951,1.0,1.0,1.4142135623730951,1.0,1.4142135623730951,1.4142135623730951,1.4142135623730951,1.0,1.4142135623730951,1.4142135623730951,1.4142135623730951,0.0,1.0,1.4142135623730951,1.0,1.4142135623730951,1.0,1.4142135623730951,1.0,1.4142135623730951,1.0,1.4142135623730951,1.4142135623730951,1.0,1.0,0.0,1.0,1.0,1.0,1.4142135623730951,1.0,1.4142135623730951,1.0,1.4142135623730951,1.0,1.0,1.4142135623730951,1.0,1.0,1.4142135623730951,1.0,1.0,0.0,0.0,1.0,0.0,1.0,0.0,1.0,1.0,0.0,1.0,1.0,1.0,0.0,0.0,1.0,0.0,1.0,1.0,0.0,1.0,1.0,1.0,1.0,1.4142135623730951,1.0,1.0,0.0,1.0,1.0,1.0,1.0,1.0,1.0,1.0,0.0,1.4142135623730951,1.4142135623730951,0.0,1.4142135623730951,1.0,1.0,0.0,1.4142135623730951,1.0,0.0,1.0,1.0,1.0,1.0,1.4142135623730951
DaveValencia,1.0,1.0,1.0,1.0,0.0,1.0,0.0,1.0,1.0,1.0,0.0,1.0,1.0,1.0,1.0,1.0,0.0,0.0,1.0,0.0,1.0,1.0,1.0,0.0,1.0,1.0,1.0,1.0,0.0,1.0,0.0,1.0,0.0,1.0,0.0,1.0,0.0,1.0,1.0,0.0,0.0,1.0,0.0,0.0,0.0,1.0,0.0,1.0,0.0,1.0,0.0,0.0,1.0,0.0,0.0,1.0,0.0,0.0,1.0,1.0,0.0,1.0,0.0,1.0,0.0,0.0,1.0,0.0,0.0,0.0,1.0,1.0,0.0,1.0,0.0,0.0,1.0,0.0,0.0,0.0,0.0,1.0,0.0,0.0,1.0,0.0,0.0,0.0,0.0,0.0,0.0,0.0,1.0,1.0,1.0,1.0,1.0,0.0,0.0,1.0,1.0,0.0,1.0,0.0,0.0,0.0,0.0,1.0
csalfonsol,1.0,1.0,1.0,1.0,0.0,1.0,0.0,1.0,1.0,1.0,0.0,1.0,1.0,1.0,1.0,1.0,0.0,0.0,1.0,0.0,1.0,1.0,1.0,0.0,1.0,1.0,1.0,1.0,0.0,1.0,0.0,1.0,0.0,1.0,0.0,1.0,0.0,1.0,1.0,0.0,0.0,1.0,0.0,0.0,0.0,1.0,0.0,1.0,0.0,1.0,0.0,0.0,1.0,0.0,0.0,1.0,0.0,0.0,1.0,1.0,0.0,1.0,0.0,1.0,0.0,0.0,1.0,0.0,0.0,0.0,1.0,1.0,0.0,1.0,0.0,0.0,1.0,0.0,0.0,0.0,0.0,1.0,0.0,0.0,1.0,0.0,0.0,0.0,0.0,0.0,0.0,0.0,1.0,1.0,1.0,1.0,1.0,0.0,0.0,1.0,1.0,0.0,1.0,0.0,0.0,0.0,0.0,1.0
tres-xxx,1.0,1.0,1.0,1.0,0.0,1.0,0.0,1.0,1.0,1.0,0.0,1.0,1.0,1.0,1.0,1.0,0.0,0.0,1.0,0.0,1.0,1.0,1.0,0.0,1.0,1.0,1.0,1.0,0.0,1.0,0.0,1.0,0.0,1.0,0.0,1.0,0.0,1.0,1.0,0.0,0.0,1.0,0.0,0.0,0.0,1.0,0.0,1.0,0.0,1.0,0.0,0.0,1.0,0.0,0.0,1.0,0.0,0.0,1.0,1.0,0.0,1.0,0.0,1.0,0.0,0.0,1.0,0.0,0.0,0.0,1.0,1.0,0.0,1.0,0.0,0.0,1.0,0.0,0.0,0.0,0.0,1.0,0.0,0.0,1.0,0.0,0.0,0.0,0.0,0.0,0.0,0.0,1.0,1.0,1.0,1.0,1.0,0.0,0.0,1.0,1.0,0.0,1.0,0.0,0.0,0.0,0.0,1.0
buendiagon,1.0,1.0,1.0,1.0,0.0,1.0,0.0,1.0,1.0,1.0,0.0,1.0,1.0,1.0,1.0,1.0,0.0,0.0,1.0,0.0,1.0,1.0,1.0,0.0,1.0,1.0,1.0,1.0,0.0,1.0,0.0,1.0,0.0,1.0,0.0,1.0,0.0,1.0,1.0,0.0,0.0,1.0,0.0,0.0,0.0,1.0,0.0,1.0,0.0,1.0,0.0,0.0,1.0,0.0,0.0,1.0,0.0,0.0,1.0,1.0,0.0,1.0,0.0,1.0,0.0,0.0,1.0,0.0,0.0,0.0,1.0,1.0,0.0,1.0,0.0,0.0,1.0,0.0,0.0,0.0,0.0,1.0,0.0,0.0,1.0,0.0,0.0,0.0,0.0,0.0,0.0,0.0,1.0,1.0,1.0,1.0,1.0,0.0,0.0,1.0,1.0,0.0,1.0,0.0,0.0,0.0,0.0,1.0
DSFarfanF,1.0,1.0,1.0,1.0,0.0,1.0,0.0,1.0,1.0,1.0,0.0,1.0,1.0,1.0,1.0,1.0,0.0,0.0,1.0,0.0,1.0,1.0,1.0,0.0,1.0,1.0,1.0,1.0,0.0,1.0,0.0,1.0,0.0,1.0,0.0,1.0,0.0,1.0,1.0,0.0,0.0,1.0,0.0,0.0,0.0,1.0,0.0,1.0,0.0,1.0,0.0,0.0,1.0,0.0,0.0,1.0,0.0,0.0,1.0,1.0,0.0,1.0,0.0,1.0,0.0,0.0,1.0,0.0,0.0,0.0,1.0,1.0,0.0,1.0,0.0,0.0,1.0,0.0,0.0,0.0,0.0,1.0,0.0,0.0,1.0,0.0,0.0,0.0,0.0,0.0,0.0,0.0,1.0,1.0,1.0,1.0,1.0,0.0,0.0,1.0,1.0,0.0,1.0,0.0,0.0,0.0,0.0,1.0
jssanchezo,1.0,1.0,1.0,1.0,0.0,1.0,0.0,1.0,1.0,1.0,0.0,1.0,1.0,1.0,1.0,1.0,0.0,0.0,1.0,0.0,1.0,1.0,1.0,0.0,1.0,1.0,1.0,1.0,0.0,1.0,0.0,1.0,0.0,1.0,0.0,1.0,0.0,1.0,1.0,0.0,0.0,1.0,0.0,0.0,0.0,1.0,0.0,1.0,0.0,1.0,0.0,0.0,1.0,0.0,0.0,1.0,0.0,0.0,1.0,1.0,0.0,1.0,0.0,1.0,0.0,0.0,1.0,0.0,0.0,0.0,1.0,1.0,0.0,1.0,0.0,0.0,1.0,0.0,0.0,0.0,0.0,1.0,0.0,0.0,1.0,0.0,0.0,0.0,0.0,0.0,0.0,0.0,1.0,1.0,1.0,1.0,1.0,0.0,0.0,1.0,1.0,0.0,1.0,0.0,0.0,0.0,0.0,1.0
bsdiaza,1.0,1.0,1.0,1.0,0.0,1.0,0.0,1.0,1.0,1.0,0.0,1.0,1.0,1.0,1.0,1.0,0.0,0.0,1.0,0.0,1.0,1.0,1.0,0.0,1.0,1.0,1.0,1.0,0.0,1.0,0.0,1.0,0.0,1.0,0.0,1.0,0.0,1.0,1.0,0.0,0.0,1.0,0.0,0.0,0.0,1.0,0.0,1.0,0.0,1.0,0.0,0.0,1.0,0.0,0.0,1.0,0.0,0.0,1.0,1.0,0.0,1.0,0.0,1.0,0.0,0.0,1.0,0.0,0.0,0.0,1.0,1.0,0.0,1.0,0.0,0.0,1.0,0.0,0.0,0.0,0.0,1.0,0.0,0.0,1.0,0.0,0.0,0.0,0.0,0.0,0.0,0.0,1.0,1.0,1.0,1.0,1.0,0.0,0.0,1.0,1.0,0.0,1.0,0.0,0.0,0.0,0.0,1.0
casc3798,1.4142135623730951,1.4142135623730951,1.4142135623730951,1.4142135623730951,1.0,1.4142135623730951,1.0,1.4142135623730951,1.4142135623730951,1.4142135623730951,1.0,1.4142135623730951,1.4142135623730951,1.4142135623730951,1.4142135623730951,1.4142135623730951,1.0,1.0,1.4142135623730951,1.0,1.4142135623730951,1.4142135623730951,1.4142135623730951,1.0,1.4142135623730951,1.4142135623730951,1.4142135623730951,0.0,1.0,1.4142135623730951,1.0,1.4142135623730951,1.0,1.4142135623730951,1.0,1.4142135623730951,1.0,1.4142135623730951,1.4142135623730951,1.0,1.0,0.0,1.0,1.0,1.0,1.4142135623730951,1.0,1.4142135623730951,1.0,1.4142135623730951,1.0,1.0,1.4142135623730951,1.0,1.0,1.4142135623730951,1.0,1.0,0.0,0.0,1.0,0.0,1.0,0.0,1.0,1.0,0.0,1.0,1.0,1.0,0.0,0.0,1.0,0.0,1.0,1.0,0.0,1.0,1.0,1.0,1.0,1.4142135623730951,1.0,1.0,0.0,1.0,1.0,1.0,1.0,1.0,1.0,1.0,0.0,1.4142135623730951,1.4142135623730951,0.0,1.4142135623730951,1.0,1.0,0.0,1.4142135623730951,1.0,0.0,1.0,1.0,1.0,1.0,1.4142135623730951
jsalcinar,1.4142135623730951,1.4142135623730951,1.4142135623730951,1.4142135623730951,1.0,0.0,1.0,1.4142135623730951,1.4142135623730951,1.4142135623730951,1.0,1.4142135623730951,1.4142135623730951,1.4142135623730951,1.4142135623730951,1.4142135623730951,1.0,1.0,1.4142135623730951,1.0,1.4142135623730951,1.4142135623730951,1.4142135623730951,1.0,1.4142135623730951,1.4142135623730951,1.4142135623730951,1.4142135623730951,1.0,1.4142135623730951,1.0,1.4142135623730951,1.0,1.4142135623730951,1.0,1.4142135623730951,1.0,1.4142135623730951,1.4142135623730951,1.0,1.0,1.4142135623730951,1.0,1.0,1.0,1.4142135623730951,1.0,1.4142135623730951,1.0,1.4142135623730951,1.0,1.0,1.4142135623730951,1.0,1.0,1.4142135623730951,1.0,1.0,1.4142135623730951,1.4142135623730951,1.0,1.4142135623730951,1.0,1.4142135623730951,1.0,1.0,1.4142135623730951,1.0,1.0,1.0,1.4142135623730951,1.4142135623730951,1.0,1.4142135623730951,1.0,1.0,1.4142135623730951,1.0,1.0,1.0,1.0,1.4142135623730951,1.0,1.0,1.4142135623730951,1.0,1.0,1.0,1.0,1.0,1.0,1.0,1.4142135623730951,0.0,1.4142135623730951,1.4142135623730951,1.4142135623730951,1.0,1.0,1.4142135623730951,1.4142135623730951,1.0,1.4142135623730951,1.0,1.0,1.0,1.0,1.4142135623730951
Anvido,0.0,0.0,0.0,1.4142135623730951,1.0,1.4142135623730951,1.0,0.0,0.0,0.0,1.0,0.0,1.4142135623730951,0.0,0.0,0.0,1.0,1.0,1.4142135623730951,1.0,0.0,1.4142135623730951,0.0,1.0,0.0,1.4142135623730951,0.0,1.4142135623730951,1.0,1.4142135623730951,1.0,1.4142135623730951,1.0,0.0,1.0,0.0,1.0,1.4142135623730951,0.0,1.0,1.0,1.4142135623730951,1.0,1.0,1.0,0.0,1.0,1.4142135623730951,1.0,1.4142135623730951,1.0,1.0,1.4142135623730951,1.0,1.0,0.0,1.0,1.0,1.4142135623730951,1.4142135623730951,1.0,1.4142135623730951,1.0,1.4142135623730951,1.0,1.0,1.4142135623730951,1.0,1.0,1.0,1.4142135623730951,1.4142135623730951,1.0,1.4142135623730951,1.0,1.0,1.4142135623730951,1.0,1.0,1.0,1.0,1.4142135623730951,1.0,1.0,1.4142135623730951,1.0,1.0,1.0,1.0,1.0,1.0,1.0,1.4142135623730951,1.4142135623730951,0.0,1.4142135623730951,1.4142135623730951,1.0,1.0,1.4142135623730951,0.0,1.0,1.4142135623730951,1.0,1.0,1.0,1.0,0.0
Jufcardenasmo,1.4142135623730951,1.4142135623730951,1.4142135623730951,1.4142135623730951,1.0,1.4142135623730951,1.0,1.4142135623730951,1.4142135623730951,1.4142135623730951,1.0,1.4142135623730951,1.4142135623730951,1.4142135623730951,1.4142135623730951,1.4142135623730951,1.0,1.0,1.4142135623730951,1.0,1.4142135623730951,1.4142135623730951,1.4142135623730951,1.0,1.4142135623730951,1.4142135623730951,1.4142135623730951,0.0,1.0,1.4142135623730951,1.0,1.4142135623730951,1.0,1.4142135623730951,1.0,1.4142135623730951,1.0,1.4142135623730951,1.4142135623730951,1.0,1.0,0.0,1.0,1.0,1.0,1.4142135623730951,1.0,1.4142135623730951,1.0,1.4142135623730951,1.0,1.0,1.4142135623730951,1.0,1.0,1.4142135623730951,1.0,1.0,0.0,0.0,1.0,0.0,1.0,0.0,1.0,1.0,0.0,1.0,1.0,1.0,0.0,0.0,1.0,0.0,1.0,1.0,0.0,1.0,1.0,1.0,1.0,1.4142135623730951,1.0,1.0,0.0,1.0,1.0,1.0,1.0,1.0,1.0,1.0,0.0,1.4142135623730951,1.4142135623730951,0.0,1.4142135623730951,1.0,1.0,0.0,1.4142135623730951,1.0,0.0,1.0,1.0,1.0,1.0,1.4142135623730951
federgolo,1.4142135623730951,1.4142135623730951,1.4142135623730951,1.4142135623730951,1.0,1.4142135623730951,1.0,1.4142135623730951,1.4142135623730951,1.4142135623730951,1.0,1.4142135623730951,1.4142135623730951,1.4142135623730951,1.4142135623730951,1.4142135623730951,1.0,1.0,1.4142135623730951,1.0,1.4142135623730951,1.4142135623730951,1.4142135623730951,1.0,1.4142135623730951,1.4142135623730951,1.4142135623730951,1.4142135623730951,1.0,1.4142135623730951,1.0,1.4142135623730951,1.0,1.4142135623730951,1.0,1.4142135623730951,1.0,1.4142135623730951,1.4142135623730951,1.0,1.0,1.4142135623730951,1.0,1.0,1.0,1.4142135623730951,1.0,1.4142135623730951,1.0,1.4142135623730951,1.0,1.0,1.4142135623730951,1.0,1.0,1.4142135623730951,1.0,1.0,1.4142135623730951,1.4142135623730951,1.0,1.4142135623730951,1.0,1.4142135623730951,1.0,1.0,1.4142135623730951,1.0,1.0,1.0,1.4142135623730951,1.4142135623730951,1.0,1.4142135623730951,1.0,1.0,1.4142135623730951,1.0,1.0,1.0,1.0,1.4142135623730951,1.0,1.0,1.4142135623730951,1.0,1.0,1.0,1.0,1.0,1.0,1.0,1.4142135623730951,1.4142135623730951,1.4142135623730951,1.4142135623730951,0.0,1.0,1.0,1.4142135623730951,1.4142135623730951,1.0,1.4142135623730951,1.0,1.0,1.0,1.0,1.4142135623730951
serbatero,1.0,1.0,1.0,1.0,0.0,1.0,0.0,1.0,1.0,1.0,0.0,1.0,1.0,1.0,1.0,1.0,0.0,0.0,1.0,0.0,1.0,1.0,1.0,0.0,1.0,1.0,1.0,1.0,0.0,1.0,0.0,1.0,0.0,1.0,0.0,1.0,0.0,1.0,1.0,0.0,0.0,1.0,0.0,0.0,0.0,1.0,0.0,1.0,0.0,1.0,0.0,0.0,1.0,0.0,0.0,1.0,0.0,0.0,1.0,1.0,0.0,1.0,0.0,1.0,0.0,0.0,1.0,0.0,0.0,0.0,1.0,1.0,0.0,1.0,0.0,0.0,1.0,0.0,0.0,0.0,0.0,1.0,0.0,0.0,1.0,0.0,0.0,0.0,0.0,0.0,0.0,0.0,1.0,1.0,1.0,1.0,1.0,0.0,0.0,1.0,1.0,0.0,1.0,0.0,0.0,0.0,0.0,1.0
GabrielUnal,1.0,1.0,1.0,1.0,0.0,1.0,0.0,1.0,1.0,1.0,0.0,1.0,1.0,1.0,1.0,1.0,0.0,0.0,1.0,0.0,1.0,1.0,1.0,0.0,1.0,1.0,1.0,1.0,0.0,1.0,0.0,1.0,0.0,1.0,0.0,1.0,0.0,1.0,1.0,0.0,0.0,1.0,0.0,0.0,0.0,1.0,0.0,1.0,0.0,1.0,0.0,0.0,1.0,0.0,0.0,1.0,0.0,0.0,1.0,1.0,0.0,1.0,0.0,1.0,0.0,0.0,1.0,0.0,0.0,0.0,1.0,1.0,0.0,1.0,0.0,0.0,1.0,0.0,0.0,0.0,0.0,1.0,0.0,0.0,1.0,0.0,0.0,0.0,0.0,0.0,0.0,0.0,1.0,1.0,1.0,1.0,1.0,0.0,0.0,1.0,1.0,0.0,1.0,0.0,0.0,0.0,0.0,1.0
diefrodriguezcha,1.4142135623730951,1.4142135623730951,1.4142135623730951,1.4142135623730951,1.0,1.4142135623730951,1.0,1.4142135623730951,1.4142135623730951,1.4142135623730951,1.0,1.4142135623730951,1.4142135623730951,1.4142135623730951,1.4142135623730951,1.4142135623730951,1.0,1.0,1.4142135623730951,1.0,1.4142135623730951,1.4142135623730951,1.4142135623730951,1.0,1.4142135623730951,1.4142135623730951,1.4142135623730951,0.0,1.0,1.4142135623730951,1.0,1.4142135623730951,1.0,1.4142135623730951,1.0,1.4142135623730951,1.0,1.4142135623730951,1.4142135623730951,1.0,1.0,0.0,1.0,1.0,1.0,1.4142135623730951,1.0,1.4142135623730951,1.0,1.4142135623730951,1.0,1.0,1.4142135623730951,1.0,1.0,1.4142135623730951,1.0,1.0,0.0,0.0,1.0,0.0,1.0,0.0,1.0,1.0,0.0,1.0,1.0,1.0,0.0,0.0,1.0,0.0,1.0,1.0,0.0,1.0,1.0,1.0,1.0,1.4142135623730951,1.0,1.0,0.0,1.0,1.0,1.0,1.0,1.0,1.0,1.0,0.0,1.4142135623730951,1.4142135623730951,0.0,1.4142135623730951,1.0,1.0,0.0,1.4142135623730951,1.0,0.0,1.0,1.0,1.0,1.0,1.4142135623730951
adcorredorm,0.0,0.0,0.0,1.4142135623730951,1.0,1.4142135623730951,1.0,0.0,0.0,0.0,1.0,0.0,1.4142135623730951,0.0,0.0,0.0,1.0,1.0,1.4142135623730951,1.0,0.0,1.4142135623730951,0.0,1.0,0.0,1.4142135623730951,0.0,1.4142135623730951,1.0,1.4142135623730951,1.0,1.4142135623730951,1.0,0.0,1.0,0.0,1.0,1.4142135623730951,0.0,1.0,1.0,1.4142135623730951,1.0,1.0,1.0,0.0,1.0,1.4142135623730951,1.0,1.4142135623730951,1.0,1.0,1.4142135623730951,1.0,1.0,0.0,1.0,1.0,1.4142135623730951,1.4142135623730951,1.0,1.4142135623730951,1.0,1.4142135623730951,1.0,1.0,1.4142135623730951,1.0,1.0,1.0,1.4142135623730951,1.4142135623730951,1.0,1.4142135623730951,1.0,1.0,1.4142135623730951,1.0,1.0,1.0,1.0,1.4142135623730951,1.0,1.0,1.4142135623730951,1.0,1.0,1.0,1.0,1.0,1.0,1.0,1.4142135623730951,1.4142135623730951,0.0,1.4142135623730951,1.4142135623730951,1.0,1.0,1.4142135623730951,0.0,1.0,1.4142135623730951,1.0,1.0,1.0,1.0,0.0
jdgaitanf,1.0,1.0,1.0,1.0,0.0,1.0,0.0,1.0,1.0,1.0,0.0,1.0,1.0,1.0,1.0,1.0,0.0,0.0,1.0,0.0,1.0,1.0,1.0,0.0,1.0,1.0,1.0,1.0,0.0,1.0,0.0,1.0,0.0,1.0,0.0,1.0,0.0,1.0,1.0,0.0,0.0,1.0,0.0,0.0,0.0,1.0,0.0,1.0,0.0,1.0,0.0,0.0,1.0,0.0,0.0,1.0,0.0,0.0,1.0,1.0,0.0,1.0,0.0,1.0,0.0,0.0,1.0,0.0,0.0,0.0,1.0,1.0,0.0,1.0,0.0,0.0,1.0,0.0,0.0,0.0,0.0,1.0,0.0,0.0,1.0,0.0,0.0,0.0,0.0,0.0,0.0,0.0,1.0,1.0,1.0,1.0,1.0,0.0,0.0,1.0,1.0,0.0,1.0,0.0,0.0,0.0,0.0,1.0
pahigueraf,1.4142135623730951,1.4142135623730951,1.4142135623730951,1.4142135623730951,1.0,1.4142135623730951,1.0,1.4142135623730951,1.4142135623730951,1.4142135623730951,1.0,1.4142135623730951,1.4142135623730951,1.4142135623730951,1.4142135623730951,1.4142135623730951,1.0,1.0,1.4142135623730951,1.0,1.4142135623730951,1.4142135623730951,1.4142135623730951,1.0,1.4142135623730951,1.4142135623730951,1.4142135623730951,0.0,1.0,1.4142135623730951,1.0,1.4142135623730951,1.0,1.4142135623730951,1.0,1.4142135623730951,1.0,1.4142135623730951,1.4142135623730951,1.0,1.0,0.0,1.0,1.0,1.0,1.4142135623730951,1.0,1.4142135623730951,1.0,1.4142135623730951,1.0,1.0,1.4142135623730951,1.0,1.0,1.4142135623730951,1.0,1.0,0.0,0.0,1.0,0.0,1.0,0.0,1.0,1.0,0.0,1.0,1.0,1.0,0.0,0.0,1.0,0.0,1.0,1.0,0.0,1.0,1.0,1.0,1.0,1.4142135623730951,1.0,1.0,0.0,1.0,1.0,1.0,1.0,1.0,1.0,1.0,0.0,1.4142135623730951,1.4142135623730951,0.0,1.4142135623730951,1.0,1.0,0.0,1.4142135623730951,1.0,0.0,1.0,1.0,1.0,1.0,1.4142135623730951
RafaelCruz15,1.0,1.0,1.0,1.0,0.0,1.0,0.0,1.0,1.0,1.0,0.0,1.0,1.0,1.0,1.0,1.0,0.0,0.0,1.0,0.0,1.0,1.0,1.0,0.0,1.0,1.0,1.0,1.0,0.0,1.0,0.0,1.0,0.0,1.0,0.0,1.0,0.0,1.0,1.0,0.0,0.0,1.0,0.0,0.0,0.0,1.0,0.0,1.0,0.0,1.0,0.0,0.0,1.0,0.0,0.0,1.0,0.0,0.0,1.0,1.0,0.0,1.0,0.0,1.0,0.0,0.0,1.0,0.0,0.0,0.0,1.0,1.0,0.0,1.0,0.0,0.0,1.0,0.0,0.0,0.0,0.0,1.0,0.0,0.0,1.0,0.0,0.0,0.0,0.0,0.0,0.0,0.0,1.0,1.0,1.0,1.0,1.0,0.0,0.0,1.0,1.0,0.0,1.0,0.0,0.0,0.0,0.0,1.0
gimg1859,1.0,1.0,1.0,1.0,0.0,1.0,0.0,1.0,1.0,1.0,0.0,1.0,1.0,1.0,1.0,1.0,0.0,0.0,1.0,0.0,1.0,1.0,1.0,0.0,1.0,1.0,1.0,1.0,0.0,1.0,0.0,1.0,0.0,1.0,0.0,1.0,0.0,1.0,1.0,0.0,0.0,1.0,0.0,0.0,0.0,1.0,0.0,1.0,0.0,1.0,0.0,0.0,1.0,0.0,0.0,1.0,0.0,0.0,1.0,1.0,0.0,1.0,0.0,1.0,0.0,0.0,1.0,0.0,0.0,0.0,1.0,1.0,0.0,1.0,0.0,0.0,1.0,0.0,0.0,0.0,0.0,1.0,0.0,0.0,1.0,0.0,0.0,0.0,0.0,0.0,0.0,0.0,1.0,1.0,1.0,1.0,1.0,0.0,0.0,1.0,1.0,0.0,1.0,0.0,0.0,0.0,0.0,1.0
jannMorenoJ,1.0,1.0,1.0,1.0,0.0,1.0,0.0,1.0,1.0,1.0,0.0,1.0,1.0,1.0,1.0,1.0,0.0,0.0,1.0,0.0,1.0,1.0,1.0,0.0,1.0,1.0,1.0,1.0,0.0,1.0,0.0,1.0,0.0,1.0,0.0,1.0,0.0,1.0,1.0,0.0,0.0,1.0,0.0,0.0,0.0,1.0,0.0,1.0,0.0,1.0,0.0,0.0,1.0,0.0,0.0,1.0,0.0,0.0,1.0,1.0,0.0,1.0,0.0,1.0,0.0,0.0,1.0,0.0,0.0,0.0,1.0,1.0,0.0,1.0,0.0,0.0,1.0,0.0,0.0,0.0,0.0,1.0,0.0,0.0,1.0,0.0,0.0,0.0,0.0,0.0,0.0,0.0,1.0,1.0,1.0,1.0,1.0,0.0,0.0,1.0,1.0,0.0,1.0,0.0,0.0,0.0,0.0,1.0
dahrojasca,1.0,1.0,1.0,1.0,0.0,1.0,0.0,1.0,1.0,1.0,0.0,1.0,1.0,1.0,1.0,1.0,0.0,0.0,1.0,0.0,1.0,1.0,1.0,0.0,1.0,1.0,1.0,1.0,0.0,1.0,0.0,1.0,0.0,1.0,0.0,1.0,0.0,1.0,1.0,0.0,0.0,1.0,0.0,0.0,0.0,1.0,0.0,1.0,0.0,1.0,0.0,0.0,1.0,0.0,0.0,1.0,0.0,0.0,1.0,1.0,0.0,1.0,0.0,1.0,0.0,0.0,1.0,0.0,0.0,0.0,1.0,1.0,0.0,1.0,0.0,0.0,1.0,0.0,0.0,0.0,0.0,1.0,0.0,0.0,1.0,0.0,0.0,0.0,0.0,0.0,0.0,0.0,1.0,1.0,1.0,1.0,1.0,0.0,0.0,1.0,1.0,0.0,1.0,0.0,0.0,0.0,0.0,1.0
FredyRosero,0.0,0.0,0.0,1.4142135623730951,1.0,1.4142135623730951,1.0,0.0,0.0,0.0,1.0,0.0,1.4142135623730951,0.0,0.0,0.0,1.0,1.0,1.4142135623730951,1.0,0.0,1.4142135623730951,0.0,1.0,0.0,1.4142135623730951,0.0,1.4142135623730951,1.0,1.4142135623730951,1.0,1.4142135623730951,1.0,0.0,1.0,0.0,1.0,1.4142135623730951,0.0,1.0,1.0,1.4142135623730951,1.0,1.0,1.0,0.0,1.0,1.4142135623730951,1.0,1.4142135623730951,1.0,1.0,1.4142135623730951,1.0,1.0,0.0,1.0,1.0,1.4142135623730951,1.4142135623730951,1.0,1.4142135623730951,1.0,1.4142135623730951,1.0,1.0,1.4142135623730951,1.0,1.0,1.0,1.4142135623730951,1.4142135623730951,1.0,1.4142135623730951,1.0,1.0,1.4142135623730951,1.0,1.0,1.0,1.0,1.4142135623730951,1.0,1.0,1.4142135623730951,1.0,1.0,1.0,1.0,1.0,1.0,1.0,1.4142135623730951,1.4142135623730951,0.0,1.4142135623730951,1.4142135623730951,1.0,1.0,1.4142135623730951,0.0,1.0,1.4142135623730951,1.0,1.0,1.0,1.0,0.0
